,compound,created at,negative,neutral,positive,screen_name,text
0,-0.296,2018-03-29 20:41:00+00:00,0.099,0.901,0.0,BBC,"At a time when men thought women shouldn't speak until they were spoken to, this female artist refused to be silent… https://t.co/mbaGBW4xMj"
1,0.0,2018-03-29 18:45:08+00:00,0.0,1.0,0.0,BBC,"RT @BBCBreakfast: Counting down the hours until you go home for Easter?
??? Here's your Easter weekend forecast: https://t.co/EXeBCHutS4"
2,0.0,2018-03-29 18:44:20+00:00,0.0,1.0,0.0,BBC,RT @bbcrb: Retirement's looking rosy for Hank the police horse! ?? https://t.co/xB9kXZeWNE
3,0.0,2018-03-29 18:44:11+00:00,0.0,1.0,0.0,BBC,"RT @BBCNewsbeat: Anthony Joshua faces Joseph Parker in Cardiff on Saturday.
And he's eating a LOT to prepare... ? ? https://t.co/qp6xw04IiC"
4,0.0,2018-03-29 18:43:51+00:00,0.0,1.0,0.0,BBC,RT @BBCOne: Anyone else having a 'chilled one'? ? https://t.co/WRBeDdaK18
5,0.4522,2018-03-29 18:05:02+00:00,0.109,0.697,0.194,BBC,"?? 'That was it I just totally fell in love with art.'

? How grime changed Ade Adesina's life. https://t.co/eDyh75YBvl"
6,0.0,2018-03-29 17:04:05+00:00,0.0,1.0,0.0,BBC,"? Wanna get the kids cooking this #EasterWeekend? 
Here are 10 recipes to keep them busy in the kitchen.
?… https://t.co/5xxQNyyRMg"
7,0.784,2018-03-29 16:12:19+00:00,0.0,0.712,0.288,BBC,RT @BBCTaster: We've just released a host of amazing new artefacts for the #CivilisationsAR app! Discover history's treasures wherever you…
8,-0.3164,2018-03-29 16:03:03+00:00,0.534,0.466,0.0,BBC,? Plastic protest! https://t.co/9m59wayYH8
9,0.0,2018-03-29 15:41:25+00:00,0.0,1.0,0.0,BBC,"RT @bbcarts: This Picture Wall in Lahore, Pakistan stretches for over 450 metres and is full of mesmerising mosaics https://t.co/ZFhuF7PiQP"
10,0.0,2018-03-29 15:31:22+00:00,0.0,1.0,0.0,BBC,RT @bbcwritersroom: #OrdealByInnocence begins on @BBCOne on Easter Sunday 1st April at 9pm and @BBCiPlayer. #Screenwriter @PhelpsieSarah ex…
11,0.0,2018-03-29 15:26:27+00:00,0.0,1.0,0.0,BBC,"RT @bbcideas: Author Lionel Shriver says we project ourselves on to our possessions – and that she is her toy donkey, Clippety ?.

We'd lik…"
12,0.0,2018-03-29 15:24:08+00:00,0.0,1.0,0.0,BBC,RT @BBCTwo: Imagine living in this incredible Swiss chalet! ??? #TheWorldsMostExtraordinaryHomes https://t.co/NofijuERJg
13,0.0,2018-03-29 15:04:02+00:00,0.0,1.0,0.0,BBC,"? So, who's going out tonight? https://t.co/u2L4sEKjE2"
14,0.0,2018-03-29 14:21:11+00:00,0.0,1.0,0.0,BBC,"?? Why it's never too late to learn an instrument. 
? https://t.co/lbBppX8XlO

#PianoDay https://t.co/x1CegC7iho"
15,0.0,2018-03-29 14:07:48+00:00,0.0,1.0,0.0,BBC,RT @bbcpress: Everyone's favourite fox reads out #MeanTweets (if he can get the right app open). For more @RealBasilBrush watch #Generation…
16,0.8268,2018-03-29 12:31:03+00:00,0.0,0.701,0.299,BBC,"Happy birthday to Alfred and Robert! ? ? Britain's two oldest men, born on the same day, have been celebrating turn… https://t.co/R7GXbEXl3v"
17,-0.6249,2018-03-29 11:00:21+00:00,0.295,0.581,0.124,BBC,"This bizarrely cute creature is just the latest species to suffer a social media selfie ban. 
?… https://t.co/bG9qcXtouW"
18,0.6908,2018-03-29 10:18:02+00:00,0.0,0.769,0.231,BBC,"RT @BBCRadio2: Today we say farewell to the brilliant @RealLynnBowles. ?
Her sharp wit, warm tones, and encyclopaedic knowledge of the UK's…"
19,0.784,2018-03-29 08:00:12+00:00,0.0,0.655,0.345,BBC,??? Biscuit the robotic pup is helping the elderly cope with conditions like dementia. What a good boy! https://t.co/5vpg6KS031
20,-0.296,2018-03-29 20:41:00+00:00,0.099,0.901,0.0,BBC,"At a time when men thought women shouldn't speak until they were spoken to, this female artist refused to be silent… https://t.co/mbaGBW4xMj"
21,0.0,2018-03-29 18:45:08+00:00,0.0,1.0,0.0,BBC,"RT @BBCBreakfast: Counting down the hours until you go home for Easter?
??? Here's your Easter weekend forecast: https://t.co/EXeBCHutS4"
22,0.0,2018-03-29 18:44:20+00:00,0.0,1.0,0.0,BBC,RT @bbcrb: Retirement's looking rosy for Hank the police horse! ?? https://t.co/xB9kXZeWNE
23,0.0,2018-03-29 18:44:11+00:00,0.0,1.0,0.0,BBC,"RT @BBCNewsbeat: Anthony Joshua faces Joseph Parker in Cardiff on Saturday.
And he's eating a LOT to prepare... ? ? https://t.co/qp6xw04IiC"
24,0.0,2018-03-29 18:43:51+00:00,0.0,1.0,0.0,BBC,RT @BBCOne: Anyone else having a 'chilled one'? ? https://t.co/WRBeDdaK18
25,0.4522,2018-03-29 18:05:02+00:00,0.109,0.697,0.194,BBC,"?? 'That was it I just totally fell in love with art.'

? How grime changed Ade Adesina's life. https://t.co/eDyh75YBvl"
26,0.0,2018-03-29 17:04:05+00:00,0.0,1.0,0.0,BBC,"? Wanna get the kids cooking this #EasterWeekend? 
Here are 10 recipes to keep them busy in the kitchen.
?… https://t.co/5xxQNyyRMg"
27,0.784,2018-03-29 16:12:19+00:00,0.0,0.712,0.288,BBC,RT @BBCTaster: We've just released a host of amazing new artefacts for the #CivilisationsAR app! Discover history's treasures wherever you…
28,-0.3164,2018-03-29 16:03:03+00:00,0.534,0.466,0.0,BBC,? Plastic protest! https://t.co/9m59wayYH8
29,0.0,2018-03-29 15:41:25+00:00,0.0,1.0,0.0,BBC,"RT @bbcarts: This Picture Wall in Lahore, Pakistan stretches for over 450 metres and is full of mesmerising mosaics https://t.co/ZFhuF7PiQP"
30,0.0,2018-03-29 15:31:22+00:00,0.0,1.0,0.0,BBC,RT @bbcwritersroom: #OrdealByInnocence begins on @BBCOne on Easter Sunday 1st April at 9pm and @BBCiPlayer. #Screenwriter @PhelpsieSarah ex…
31,0.0,2018-03-29 15:26:27+00:00,0.0,1.0,0.0,BBC,"RT @bbcideas: Author Lionel Shriver says we project ourselves on to our possessions – and that she is her toy donkey, Clippety ?.

We'd lik…"
32,0.0,2018-03-29 15:24:08+00:00,0.0,1.0,0.0,BBC,RT @BBCTwo: Imagine living in this incredible Swiss chalet! ??? #TheWorldsMostExtraordinaryHomes https://t.co/NofijuERJg
33,0.0,2018-03-29 15:04:02+00:00,0.0,1.0,0.0,BBC,"? So, who's going out tonight? https://t.co/u2L4sEKjE2"
34,0.0,2018-03-29 14:21:11+00:00,0.0,1.0,0.0,BBC,"?? Why it's never too late to learn an instrument. 
? https://t.co/lbBppX8XlO

#PianoDay https://t.co/x1CegC7iho"
35,0.0,2018-03-29 14:07:48+00:00,0.0,1.0,0.0,BBC,RT @bbcpress: Everyone's favourite fox reads out #MeanTweets (if he can get the right app open). For more @RealBasilBrush watch #Generation…
36,0.8268,2018-03-29 12:31:03+00:00,0.0,0.701,0.299,BBC,"Happy birthday to Alfred and Robert! ? ? Britain's two oldest men, born on the same day, have been celebrating turn… https://t.co/R7GXbEXl3v"
37,-0.6249,2018-03-29 11:00:21+00:00,0.295,0.581,0.124,BBC,"This bizarrely cute creature is just the latest species to suffer a social media selfie ban. 
?… https://t.co/bG9qcXtouW"
38,0.6908,2018-03-29 10:18:02+00:00,0.0,0.769,0.231,BBC,"RT @BBCRadio2: Today we say farewell to the brilliant @RealLynnBowles. ?
Her sharp wit, warm tones, and encyclopaedic knowledge of the UK's…"
39,0.784,2018-03-29 08:00:12+00:00,0.0,0.655,0.345,BBC,??? Biscuit the robotic pup is helping the elderly cope with conditions like dementia. What a good boy! https://t.co/5vpg6KS031
40,0.0,2018-03-29 07:27:07+00:00,0.0,1.0,0.0,BBC,?? The world famous cherry blossoms of Japan bring hundreds of thousands of visitors to see them and this year they… https://t.co/kGMsyZnWzi
41,0.0,2018-03-29 07:00:10+00:00,0.0,1.0,0.0,BBC,"What do you get if you cross a polar bear and a grizzly? 

??… A pizzly! 
#DavidAttenboroughsNaturalCuriosities https://t.co/FwqiMiTd2m"
42,0.0,2018-03-28 18:00:05+00:00,0.0,1.0,0.0,BBC,?? This 800-year-old hotel in Ireland is simply incredible.  #AmazingHotels https://t.co/OAKKCsexPW
43,0.296,2018-03-28 17:00:12+00:00,0.0,0.891,0.109,BBC,"? 'Words do not live in dictionaries. They live in the mind.'

Hear the only surviving recording of #VirginiaWoolf,… https://t.co/Puwg8Mve7N"
44,-0.8225,2018-03-28 16:30:00+00:00,0.312,0.688,0.0,BBC,The government rates the global outbreak of a deadly flu virus as a major threat to the UK. But how are flu vaccine… https://t.co/wzMylfDBrP
45,0.0,2018-03-28 16:00:10+00:00,0.0,1.0,0.0,BBC,Slacking off in Dubai. https://t.co/a3oSKIxfSK
46,0.7506,2018-03-28 15:35:27+00:00,0.0,0.72,0.28,BBC,RT @BBCTheOneShow: The fantastic @george_ezra warming up with a quick cuppa after sound check. Join us at 7pm where he’ll be performing liv…
47,0.0,2018-03-28 13:32:04+00:00,0.0,1.0,0.0,BBC,"Two-thirds of drivers say they are ""regularly dazzled"" by oncoming headlights. ? https://t.co/gwSgpsP6xx https://t.co/i9m9ph8QM1"
48,-0.3182,2018-03-28 12:26:01+00:00,0.113,0.887,0.0,BBC,"The Masked Plumber is back. 
And this time, he wants to show you how to unblock a sink trap. https://t.co/t1NIgRpZnO"
49,0.0,2018-03-28 11:50:54+00:00,0.0,1.0,0.0,BBC,RT @bbceurovision: We are starting a #Eurovision 2018 group chat. The tea from when @surieofficial met @saaraaalto ? https://t.co/c3PuiYT6S…
50,0.0,2018-03-28 11:49:07+00:00,0.0,1.0,0.0,BBC,"RT @BBCR1: ""Last night I did have a very, very large bra, and it was very, very sweaty.""

@JaredLeto lets @Grimmers know about what gets th…"
51,0.0,2018-03-28 11:47:35+00:00,0.0,1.0,0.0,BBC,"RT @BBCRadio4: Listen to the first three episodes of The Hitchhiker's Guide to the Galaxy: Hexagonal Phase now.

https://t.co/GdvQZf3ijv

#…"
52,-0.34,2018-03-28 11:47:08+00:00,0.098,0.902,0.0,BBC,"RT @bbcworldservice: Do you say fireman or firefighter? The woman in charge of the London Fire Brigade, Dany Cotton, says 'fireman' is sexi…"
53,0.0,2018-03-28 11:45:32+00:00,0.0,1.0,0.0,BBC,RT @BBCBreakfast: Take a look at this if you're wondering WHO PAYS for running the new plastic bottle and can deposit scheme: https://t.co/…
54,0.0,2018-03-28 11:42:34+00:00,0.0,1.0,0.0,BBC,RT @BBCNewsround: Some advice from children on what NOT to say to people with an #invisiblecondition https://t.co/mGUj3TWB2J #Dynamo https:…
55,0.3182,2018-03-28 11:30:09+00:00,0.056,0.837,0.108,BBC,??? People in England will soon have to pay a deposit when they buy drinks bottles and cans in a bid to boost recyc… https://t.co/qyKBqES5b3
56,0.0,2018-03-28 11:04:03+00:00,0.0,1.0,0.0,BBC,"? Scientists in Australia have discovered the remains of a mummy in a 2,500-year-old coffin that was previously cla… https://t.co/2S4q2mDImu"
57,0.0,2018-03-28 10:53:47+00:00,0.0,1.0,0.0,BBC,"RT @bbcthree: In our latest doc, we investigate allegations that R Kelly has been training a 14-year-old girl to be one his sex ""pets"" http…"
58,-0.3612,2018-03-28 10:33:03+00:00,0.135,0.865,0.0,BBC,Tickling sticks have been placed on statues in Liverpool ahead of Sir Ken Dodd's funeral. https://t.co/pPGGg07ZQi https://t.co/LSwzv5Qipw
59,0.0,2018-03-28 09:53:41+00:00,0.0,1.0,0.0,BBC,?? Are your bathroom toys in-fact DEADLY? ? https://t.co/YrtMOzTvrb
60,0.0,2018-03-28 09:14:19+00:00,0.0,1.0,0.0,BBC,"RT @bbcarts: Andrew Scott, as Hamlet, performs the opening lines of #Shakespeare's most famous soliloquy. Watch the full production at 9pm,…"
61,-0.7351,2018-03-28 08:00:02+00:00,0.256,0.744,0.0,BBC,"?? After seeing her brother's struggles with depression, Luli's on a mission to break the stigma in the black commu… https://t.co/kl1ak4Gu6w"
62,-0.25,2018-03-28 07:30:05+00:00,0.192,0.692,0.115,BBC,"? Feeling moody? 
Your gut bacteria might be to blame...
? https://t.co/2oPWKjf4D2 https://t.co/Xr5MwczfGR"
63,-0.4588,2018-03-28 07:00:02+00:00,0.176,0.824,0.0,BBC,"'I made a decision to not be unbelievably busy.'

@Meshel_Laurie on beating busyness with Buddhism. https://t.co/7ynSgadRyq"
64,0.0,2018-03-27 18:30:07+00:00,0.0,1.0,0.0,BBC,"When mother Marie mysteriously leaves the family home, the repercussions are enormous.

#ComeHome | 9pm | @BBCOne |… https://t.co/S4JgnzQlAx"
65,0.2942,2018-03-27 18:00:08+00:00,0.0,0.872,0.128,BBC,"??? Even if you don't speak German, this is worth watching until the end! 
#LiveAtTheApollo https://t.co/J3l8oToRbk"
66,0.0,2018-03-27 17:00:07+00:00,0.0,1.0,0.0,BBC,"? We've got oodles of noodles with recipes for pad Thai, chow mein, ramen, pho and stir-fries.
?… https://t.co/JWfrcIhn2X"
67,0.0,2018-03-27 16:00:15+00:00,0.0,1.0,0.0,BBC,? What does Facebook know about you? https://t.co/lG4ffeCG09
68,0.6114,2018-03-27 15:40:40+00:00,0.0,0.75,0.25,BBC,RT @BBCTwo: Happy #WorldTheatreDay! *leaves this here and runs away* @SaraPascoe ?? https://t.co/3XlEb5gr15
69,0.0,2018-03-27 15:38:26+00:00,0.0,1.0,0.0,BBC,"RT @BBCScotland: Meet the master of the radiator harp

@DaftLimmy returns to BBC Scotland on Thursday 5 April. https://t.co/G7mjFEJx6k"
70,-0.3064,2018-03-27 15:36:22+00:00,0.134,0.866,0.0,BBC,RT @bbcthree: 12-year-old Keilan has very severe curvature of the spine. He needs surgery ASAP but the 5 hour operation could leave him par…
71,0.0,2018-03-27 15:33:24+00:00,0.0,1.0,0.0,BBC,"RT @bbccomedy: Cathy, master of shade. #Mum https://t.co/VjC2ttkaNF"
72,0.0,2018-03-27 15:26:23+00:00,0.0,1.0,0.0,BBC,"RT @BBCR1: (•_•)
&lt;)   )?who
 /    \ 

  (•_•)
 \(   (&gt; bit
  /    \

 (•_•)
&lt;)   )?Beyoncé? 
 /    \ 

https://t.co/7hQd9mcKUY"
73,-0.5994,2018-03-27 14:30:37+00:00,0.14,0.86,0.0,BBC,"RT @BBCWorld: It's 50 years since the death of Yuri Gagarin, the Russian cosmonaut who was the first man to travel into space ??? https://t…"
74,0.0,2018-03-27 13:33:01+00:00,0.0,1.0,0.0,BBC,?? The first polar bear cub to be born in the UK for 25 years has been filmed adapting to its surroundings. https://t.co/EsxbH18cN5
75,0.0,2018-03-27 12:00:08+00:00,0.0,1.0,0.0,BBC,The ancient Greeks thought a life of ‘constant leisure’ was the highest life you could live. https://t.co/sascCq8iks
76,0.0,2018-03-27 11:05:06+00:00,0.0,1.0,0.0,BBC,"There's over 50 classic cookery shows being served up on @BBCiPlayer this #EasterWeekend. 
? https://t.co/CKECZMGmx8 https://t.co/j3RfAYQvTI"
77,0.25,2018-03-27 11:00:06+00:00,0.0,0.875,0.125,BBC,"? @MargotRobbie is planning a new TV series, which will give Shakespeare plays a 'female perspective'.
?… https://t.co/pTLXfve0ds"
78,0.0,2018-03-27 09:52:08+00:00,0.0,1.0,0.0,BBC,"?? 'Mad' Mike Hughes flew his home-made rocket to try and 'prove' the earth is flat. 

? SPOILER: it's not.  https://t.co/f5oNRItwyq"
79,0.0,2018-03-27 09:40:22+00:00,0.0,1.0,0.0,BBC,"RT @BBCTwo: Now we've got our country back... what actually is it? ?

#CunkOnBritain starts Tuesday 3 April, 10pm, @BBCTwo. @missdianemorga…"
80,0.4019,2018-03-27 09:39:23+00:00,0.0,0.876,0.124,BBC,RT @BBCBreakfast: A team of abseilers have been roped in to give Cheddar Gorge in Somerset an extreme spring clean. https://t.co/iYmkiizeRi
81,0.0,2018-03-27 09:38:59+00:00,0.0,1.0,0.0,BBC,"RT @BBCR1: We can't get enough of @george_ezra's Live Lounge ?

Watch him perform 'Paradise' and cover 'These Days' right here ?https://t.c…"
82,0.5994,2018-03-27 09:36:48+00:00,0.0,0.843,0.157,BBC,"RT @bbcgetinspired: Check out @JesseLingard and some of his @PremierLeague mates showing us their super moves. ?? 

Show us yours with #sup…"
83,0.0,2018-03-27 08:00:04+00:00,0.0,1.0,0.0,BBC,"When this woman visited an uninhabited Caribbean island, the last thing she expected was to find it covered in plas… https://t.co/cpKW9tl61v"
84,0.0,2018-03-27 07:30:04+00:00,0.0,1.0,0.0,BBC,"About 700,000 people in the UK are on the autism spectrum, with five times as many males as females being diagnosed… https://t.co/PXJMuG76Tn"
85,-0.4588,2018-03-27 07:00:08+00:00,0.124,0.827,0.049,BBC,"The number of children living in relative poverty in the UK has risen to 4.1m. 

This is the story of Tyler, one of… https://t.co/xFtEAjBTXC"
86,-0.6249,2018-03-26 19:03:02+00:00,0.194,0.806,0.0,BBC,"Filmed in Nottingham during the worst winter for the NHS on record, groundbreaking series #Hospital returns tonight… https://t.co/PVSIcvCGc9"
87,0.7783,2018-03-26 18:24:04+00:00,0.0,0.688,0.312,BBC,"Tonight, George Alagiah explores the fascinating history of Queen Elizabeth II and her beloved Commonwealth. 

The… https://t.co/xXer4FRyTq"
88,0.0,2018-03-26 17:30:04+00:00,0.0,1.0,0.0,BBC,?? It was a Dachsh(und) to the finish line. https://t.co/7VvkU5GfUg
89,0.5859,2018-03-26 16:25:02+00:00,0.0,0.787,0.213,BBC,"?? Joy and Mary flew WW2 planes before any navigation system was installed.
#RAFat100 https://t.co/yxNMblfTEf"
90,-0.3818,2018-03-26 15:45:04+00:00,0.161,0.744,0.095,BBC,"Tom Cruise stars in a remake of the 1953 adaptation of HG Wells’s classic novel. ?

War of the Worlds | @BBCiPlayer… https://t.co/h19JvTlFSA"
91,0.0,2018-03-26 15:11:57+00:00,0.0,1.0,0.0,BBC,"In her role as head of the Commonwealth, the Queen embarked on her first tour of the nations in 1953.

But by 1970… https://t.co/Av61bahNZF"
92,0.0,2018-03-26 12:58:02+00:00,0.0,1.0,0.0,BBC,"Never let a squirrel nibble your nobble... ???
https://t.co/cHm9m6At3m"
93,0.4404,2018-03-26 11:48:03+00:00,0.0,0.828,0.172,BBC,Apple wants to introduce new emojis to better represent people with disabilities. ??? https://t.co/CcJfojmtTa https://t.co/ZRdEhVPMEm
94,-0.5106,2018-03-26 11:00:05+00:00,0.163,0.837,0.0,BBC,"A crack that opened up in Kenya’s Rift Valley, damaging a section of the Narok-Nairobi highway, is still growing... https://t.co/T5YocDauYj"
95,-0.128,2018-03-26 10:00:07+00:00,0.07,0.93,0.0,BBC,"From hot cross bun gin to Creme Egg Yorkshire pudding, this year’s Easter treats are bigger, weirder and more decad… https://t.co/HvDJmgcB5q"
96,0.4588,2018-03-26 09:35:06+00:00,0.0,0.864,0.136,BBC,RT @bbcpress: Sue Perkins will return to host the 2018 #BAFTA TV awards on Sunday 13 May on @BBCOne. https://t.co/pieSWNAGbH
97,0.3182,2018-03-26 09:33:01+00:00,0.0,0.753,0.247,BBC,"? @BillBailey is NOT a fan of taramasalata. #Room101 

https://t.co/soAAz27c0C"
98,0.0,2018-03-26 09:04:01+00:00,0.0,1.0,0.0,BBC,"The kiwi bird's egg is so large, it takes almost ten days to lay! ???  #DavidAttenboroughsNaturalCuriosities
https://t.co/AkZqK9vzZZ"
99,0.5819,2018-03-26 08:29:04+00:00,0.0,0.818,0.182,BBC,"?Why do so many celebrities decide to enter politics?

Some have done so more successfully than others...… https://t.co/MkEDpSeLMJ"
100,0.0,2018-03-29 17:32:40+00:00,0.0,1.0,0.0,CBS,"Expect epic performances by @kanebrown , @kelly_clarkson, @OfficialJackson, and more at this year's 53rd #ACMawards… https://t.co/3yso7Z0cjv"
101,0.0,2018-03-29 17:30:02+00:00,0.0,1.0,0.0,CBS,"Will @HIGHVALLEY, @LancoMusic, @LOCASHmusic, @MidlandOfficial, or @runawayjune be named New Vocal Duo Or Group Of T… https://t.co/v0QIPLC47R"
102,0.3818,2018-03-27 21:00:01+00:00,0.108,0.68,0.212,CBS,Count on Entertainer Of The Year nominee @LukeBryanOnline to crash the party with an epic performance at the 53rd… https://t.co/27ua60HTqu
103,0.296,2018-03-27 17:00:00+00:00,0.0,0.901,0.099,CBS,Join @eltonofficial and some of today's hottest names in music when they take the stage to perform his most memorab… https://t.co/jz0jaShZIj
104,0.508,2018-03-26 22:14:25+00:00,0.0,0.88,0.12,CBS,"RT @ACMawards: The ACM for New Vocal Group of the Year goes to @MidlandOfficial! And yes, that really was @Reba on the phone! #ACMawards ht…"
105,0.0,2018-03-26 20:42:48+00:00,0.0,1.0,0.0,CBS,"RT @ACMawards: In case you didn’t know, the ACM for New Male Vocalist of the Year goes to @BrettYoungMusic. Check out his reaction when @Re…"
106,0.7959,2018-03-26 16:59:19+00:00,0.0,0.786,0.214,CBS,RT @ACMawards: Over the weekend @Reba called the ACM New Artist of the Year winners to let them know they had won! Let’s just say our New F…
107,0.807,2018-03-26 16:05:18+00:00,0.0,0.622,0.378,CBS,"Congratulations to the 53rd #ACMawards New Artist winners @Lauren_Alaina, @MidlandOfficial, and @BrettYoungMusic! W… https://t.co/Fr8H4arwGj"
108,0.0,2018-03-25 23:57:34+00:00,0.0,1.0,0.0,CBS,New start times in East/Central Time Zones #60Minutes 7:35ET/6:35CT #Instinct  8:35ET/7:35CT #NCISLA 9:35ET/8:35CT… https://t.co/8W5hAeLrvs
109,0.5319,2018-03-25 17:15:25+00:00,0.062,0.78,0.157,CBS,Don’t miss a minute of the action. Stream the Elite Eight® games LIVE today starting at 2PM ET with a FREE trial of… https://t.co/8NwU8HdiHR
110,0.5399,2018-03-24 22:46:53+00:00,0.0,0.801,0.199,CBS,RT @MomCBS: That's a wrap on the #Mom panel at #PaleyFest! Thanks for following along! https://t.co/we4JgqPt6P
111,-0.34,2018-03-24 22:46:43+00:00,0.185,0.7,0.115,CBS,RT @MomCBS: A fan just commented that #Mom helped bring him out of a deep depression. ??? #PaleyFest
112,0.7003,2018-03-24 22:25:03+00:00,0.0,0.791,0.209,CBS,"RT @MomCBS: ""Go out for it anyway. If you're good for the role, you're good for the role."" @theJaimePressly's advice for aspiring actors wi…"
113,0.0,2018-03-24 22:21:37+00:00,0.0,1.0,0.0,CBS,RT @MomCBS: Mom Co-Creator @GemmaRBaker just pointed out her own #Mom in the audience at #PaleyFest! ?
114,0.0,2018-03-24 22:21:34+00:00,0.0,1.0,0.0,CBS,"RT @MomCBS: ""I'm not someone in recovery who goes to AA, but I have taken so much away from it...to take one day at a time."" - @theJaimePre…"
115,0.7184,2018-03-24 22:21:26+00:00,0.0,0.667,0.333,CBS,"RT @MomCBS: ""You get to appreciate working with such talented people."" - @AnnaKFaris #Mom #PaleyFest"
116,0.9451,2018-03-24 22:21:23+00:00,0.0,0.58,0.42,CBS,RT @MomCBS: “I love this job. I love working with these women. I love working in front of the live audience… It’s alive and it’s fun.” - @A…
117,0.0,2018-03-24 20:00:02+00:00,0.0,1.0,0.0,CBS,"Get on your feet for @Jason_Aldean, @ThomasRhett, @ChrisStapleton, @KeithUrban, and @ChrisYoungMusic, the five nomi… https://t.co/oT5ogjdj4x"
118,0.6996,2018-03-23 22:33:52+00:00,0.0,0.806,0.194,CBS,Get ready for some sweet games! Stream #5 Clemson vs #1 Kansas LIVE at 7PM ET and #11 Syracuse vs #2 Duke LIVE at 9… https://t.co/4WstgrKNnW
119,0.4939,2018-03-23 22:33:04+00:00,0.0,0.686,0.314,CBS,RT @SEALTeamCBS: In honor of #NationalPuppyDay... ? #SEALTeam https://t.co/4mIZPpiRlU
120,0.0,2018-03-29 17:32:40+00:00,0.0,1.0,0.0,CBS,"Expect epic performances by @kanebrown , @kelly_clarkson, @OfficialJackson, and more at this year's 53rd #ACMawards… https://t.co/3yso7Z0cjv"
121,0.0,2018-03-29 17:30:02+00:00,0.0,1.0,0.0,CBS,"Will @HIGHVALLEY, @LancoMusic, @LOCASHmusic, @MidlandOfficial, or @runawayjune be named New Vocal Duo Or Group Of T… https://t.co/v0QIPLC47R"
122,0.3818,2018-03-27 21:00:01+00:00,0.108,0.68,0.212,CBS,Count on Entertainer Of The Year nominee @LukeBryanOnline to crash the party with an epic performance at the 53rd… https://t.co/27ua60HTqu
123,0.296,2018-03-27 17:00:00+00:00,0.0,0.901,0.099,CBS,Join @eltonofficial and some of today's hottest names in music when they take the stage to perform his most memorab… https://t.co/jz0jaShZIj
124,0.508,2018-03-26 22:14:25+00:00,0.0,0.88,0.12,CBS,"RT @ACMawards: The ACM for New Vocal Group of the Year goes to @MidlandOfficial! And yes, that really was @Reba on the phone! #ACMawards ht…"
125,0.0,2018-03-26 20:42:48+00:00,0.0,1.0,0.0,CBS,"RT @ACMawards: In case you didn’t know, the ACM for New Male Vocalist of the Year goes to @BrettYoungMusic. Check out his reaction when @Re…"
126,0.7959,2018-03-26 16:59:19+00:00,0.0,0.786,0.214,CBS,RT @ACMawards: Over the weekend @Reba called the ACM New Artist of the Year winners to let them know they had won! Let’s just say our New F…
127,0.807,2018-03-26 16:05:18+00:00,0.0,0.622,0.378,CBS,"Congratulations to the 53rd #ACMawards New Artist winners @Lauren_Alaina, @MidlandOfficial, and @BrettYoungMusic! W… https://t.co/Fr8H4arwGj"
128,0.0,2018-03-25 23:57:34+00:00,0.0,1.0,0.0,CBS,New start times in East/Central Time Zones #60Minutes 7:35ET/6:35CT #Instinct  8:35ET/7:35CT #NCISLA 9:35ET/8:35CT… https://t.co/8W5hAeLrvs
129,0.5319,2018-03-25 17:15:25+00:00,0.062,0.78,0.157,CBS,Don’t miss a minute of the action. Stream the Elite Eight® games LIVE today starting at 2PM ET with a FREE trial of… https://t.co/8NwU8HdiHR
130,0.5399,2018-03-24 22:46:53+00:00,0.0,0.801,0.199,CBS,RT @MomCBS: That's a wrap on the #Mom panel at #PaleyFest! Thanks for following along! https://t.co/we4JgqPt6P
131,-0.34,2018-03-24 22:46:43+00:00,0.185,0.7,0.115,CBS,RT @MomCBS: A fan just commented that #Mom helped bring him out of a deep depression. ??? #PaleyFest
132,0.7003,2018-03-24 22:25:03+00:00,0.0,0.791,0.209,CBS,"RT @MomCBS: ""Go out for it anyway. If you're good for the role, you're good for the role."" @theJaimePressly's advice for aspiring actors wi…"
133,0.0,2018-03-24 22:21:37+00:00,0.0,1.0,0.0,CBS,RT @MomCBS: Mom Co-Creator @GemmaRBaker just pointed out her own #Mom in the audience at #PaleyFest! ?
134,0.0,2018-03-24 22:21:34+00:00,0.0,1.0,0.0,CBS,"RT @MomCBS: ""I'm not someone in recovery who goes to AA, but I have taken so much away from it...to take one day at a time."" - @theJaimePre…"
135,0.7184,2018-03-24 22:21:26+00:00,0.0,0.667,0.333,CBS,"RT @MomCBS: ""You get to appreciate working with such talented people."" - @AnnaKFaris #Mom #PaleyFest"
136,0.9451,2018-03-24 22:21:23+00:00,0.0,0.58,0.42,CBS,RT @MomCBS: “I love this job. I love working with these women. I love working in front of the live audience… It’s alive and it’s fun.” - @A…
137,0.0,2018-03-24 20:00:02+00:00,0.0,1.0,0.0,CBS,"Get on your feet for @Jason_Aldean, @ThomasRhett, @ChrisStapleton, @KeithUrban, and @ChrisYoungMusic, the five nomi… https://t.co/oT5ogjdj4x"
138,0.6996,2018-03-23 22:33:52+00:00,0.0,0.806,0.194,CBS,Get ready for some sweet games! Stream #5 Clemson vs #1 Kansas LIVE at 7PM ET and #11 Syracuse vs #2 Duke LIVE at 9… https://t.co/4WstgrKNnW
139,0.4939,2018-03-23 22:33:04+00:00,0.0,0.686,0.314,CBS,RT @SEALTeamCBS: In honor of #NationalPuppyDay... ? #SEALTeam https://t.co/4mIZPpiRlU
140,0.8997,2018-03-23 22:32:48+00:00,0.0,0.645,0.355,CBS,"RT @HawaiiFive0CBS: Nothing like a man and his dog! ?? Happy #NationalPuppyDay to Eddie, the best pup on the Five-0 Task Force! #H50 https:…"
141,0.0,2018-03-22 22:10:29+00:00,0.0,1.0,0.0,CBS,Game on! 16 teams left and the race to the finish continues tonight. Stream #11 Loyola-Chicago vs #7 Nevada LIVE at… https://t.co/W374rmzzoC
142,0.7081,2018-03-22 20:52:02+00:00,0.066,0.623,0.311,CBS,Save the date! These are season finales you do NOT want to miss. RT if you're excited! https://t.co/UUQoWsPPSh https://t.co/cDl4WmxMtU
143,0.636,2018-03-22 00:23:38+00:00,0.0,0.802,0.198,CBS,Congratulations to all of the @CBSDaytime nominees for the #DaytimeEmmys! See the full list of #DaytimeEmmy nominee… https://t.co/ivJVJWvfsf
144,0.0,2018-03-21 18:00:01+00:00,0.0,1.0,0.0,CBS,Female Vocalist Of The Year nominee @MarenMorris will show her fans how it’s done when she takes the stage to showc… https://t.co/PITjmAoFT8
145,0.5106,2018-03-20 20:00:01+00:00,0.0,0.858,0.142,CBS,The legendary @Reba returns to host the 53rd #ACMawards and she’s proving just how comfortable she is behind the mi… https://t.co/XPXcSPRXqC
146,0.0,2018-03-20 17:58:43+00:00,0.0,1.0,0.0,CBS,RT @nancyodell: Told my daughter I'd be presenting at @ACMawards again this year. (Woot woot!We both luv country music!)She took this pic o…
147,0.5562,2018-03-20 16:52:42+00:00,0.0,0.826,0.174,CBS,RT @ladyantebellum: Ecstatic to announce we'll be performing at the #ACMawards in Las Vegas again this year! https://t.co/Qfhs94j6FR
148,0.0,2018-03-20 16:11:00+00:00,0.0,1.0,0.0,CBS,"Country superstars @kennychesney, @ladyantebellum, @blakeshelton, and @KeithUrban have just been added to the stell… https://t.co/bJ4If7MacP"
149,0.7845,2018-03-19 21:02:26+00:00,0.072,0.619,0.309,CBS,"RT @YandR_CBS: Forever evolving, Forever inspiring, Forever Young and Restless. ?? Get ready to celebrate 45 years of #YR starting in just…"
150,0.0,2018-03-18 23:44:30+00:00,0.0,1.0,0.0,CBS,New start times in East/Central Time Zones: #60Minutes 7:37ET/6:37CT #Instinct series premiere 8:37ET/7:37CT… https://t.co/xT3YKqmu2M
151,0.6514,2018-03-18 18:05:43+00:00,0.0,0.787,0.213,CBS,Spend your Sunday streaming Second Round games LIVE with a FREE trial of CBS All Access! https://t.co/3P85rXLy4b https://t.co/zbWfirD9Ju
152,0.1867,2018-03-18 17:09:53+00:00,0.0,0.92,0.08,CBS,"RT @instinctcbs: TONIGHT, Dr. Dylan Reinhart rewrites the book on abnormal behavior. Don't miss the premiere of #Instinct at 8/7c! https://…"
153,0.0,2018-03-17 19:00:02+00:00,0.0,1.0,0.0,CBS,"If any duo knows how to rock the stage, it's @FLAGALine. The Vocal Duo Of The Year nominee will perform live at the… https://t.co/FknabB8NQp"
154,0.6166,2018-03-17 17:42:43+00:00,0.0,0.839,0.161,CBS,How is your bracket looking after last night? Stream Second Round games LIVE today with a FREE trial of CBS All Acc… https://t.co/25JlIpgwog
155,0.7096,2018-03-17 14:00:03+00:00,0.0,0.753,0.247,CBS,Where better to spend #StPatricksDay than the place everybody knows your name? It’s just your luck that every singl… https://t.co/Fom5wmdENL
156,0.296,2018-03-16 22:53:21+00:00,0.0,0.896,0.104,CBS,Stars @JakeMcDorman and Nik Dodani will join the cast in the upcoming revival of Murphy Brown coming to CBS.… https://t.co/JCAx29lo0i
157,0.0,2018-03-16 18:15:53+00:00,0.0,1.0,0.0,CBS,"RT @thegoodfight: Go behind the scenes with costume designer @DanLawsonStyle in ""Behind The Style,"" a new weekly video series all about the…"
158,0.6514,2018-03-16 16:28:40+00:00,0.0,0.822,0.178,CBS,The games have just begun! Continue to stream First Round games LIVE today with a FREE trial of CBS All Access:… https://t.co/YTGsJ48zYP
159,0.7088,2018-03-15 17:54:06+00:00,0.0,0.763,0.237,CBS,"RT @TheTalkCBS: You asked, we answered! The fun never ends when the ladies #KeepTalking and answer your fan questions ???? https://t.co/ie1…"
160,-0.4939,2018-03-15 17:20:26+00:00,0.157,0.766,0.077,CBS,RT @instinctcbs: Dr. Dylan Reinhart is lured back into the field from his life of quiet academia when a certain serial killer makes things…
161,0.6514,2018-03-15 16:42:41+00:00,0.0,0.806,0.194,CBS,Stream First Round games LIVE today starting at 12PM ET with a FREE trial of CBS All Access! https://t.co/3P85rXLy4b https://t.co/vZow3YD8cb
162,0.6115,2018-03-15 14:32:16+00:00,0.0,0.734,0.266,CBS,RT @CBSSports: It's the most wonderful time of the year. #MarchMadness https://t.co/e4c9qohqSR
163,0.6696,2018-03-14 19:30:01+00:00,0.0,0.781,0.219,CBS,"Give these ladies some love! @Lauren_Alaina, @DBradbery, @carlypearce, and @RaeLynn are nominated for New Female Vo… https://t.co/IVhwURfJ3S"
164,0.3612,2018-03-13 18:48:52+00:00,0.0,0.857,0.143,CBS,"RT @ManWithAPlan: Hungry for more #ManWithAPlan bloopers and behind-the-scenes videos featuring cast like @matt_leblanc, @thelizasnyder, @k…"
165,0.539,2018-03-13 14:15:10+00:00,0.0,0.821,0.179,CBS,"Music stars @MileyCyrus, @edsheeran, @ladygaga, and more will honor the legendary @eltonofficial and his hit songs… https://t.co/UzxARCCLnI"
166,0.2244,2018-03-12 18:13:28+00:00,0.0,0.917,0.083,CBS,RT @thegoodfight: The verdict is in. The new season of #TheGoodFight is ???! Stream it now on CBS All Access: https://t.co/FkYSNSXlRb https…
167,0.0,2018-03-12 01:20:43+00:00,0.0,1.0,0.0,CBS,"RT @MadamSecretary: In less than an hour, #MadamSecretary's Keith Carradine will be taking over the @MadamSecretary Twitter page! Tweet alo…"
168,0.4926,2018-03-09 22:48:26+00:00,0.0,0.883,0.117,CBS,RT @DierksBentley: Take and post a photo of the woman in your life who inspires you daily! Use the hashtag #WomanAmenACM in your post for a…
169,0.1275,2018-03-09 22:24:20+00:00,0.092,0.795,0.113,CBS,"RT @MomCBS: If you missed guest star @KChenoweth in the latest episode of #Mom, not to worry! Watch now: https://t.co/RlvXoGOZ0l https://t.…"
170,0.4215,2018-03-09 21:10:21+00:00,0.0,0.823,0.177,CBS,"Give a round of applause to @KelseaBallerini, @MirandaLambert, @Reba, @MarenMorris, and @CarrieUnderwood, the five… https://t.co/Ncp1BTXx6N"
171,0.8658,2018-03-09 18:27:28+00:00,0.0,0.553,0.447,CBS,"RT @thegoodfight: Smart, sexy, and sophisticated. See what's coming this season on #TheGoodFight. https://t.co/CuKhx2G50P https://t.co/ygTI…"
172,0.0,2018-03-09 16:02:27+00:00,0.0,1.0,0.0,CBS,RT @BlueBloods_CBS: Even stand-up guys fall down sometimes. #BlueBloods is new tonight at 10/9c! https://t.co/UOlDm22wWW
173,0.8625,2018-03-08 18:00:49+00:00,0.0,0.664,0.336,CBS,Today and every day we celebrate the women in our lives who empower and inspire us. Share a story about an influent… https://t.co/9rVtqrElvT
174,0.4926,2018-03-08 17:03:04+00:00,0.0,0.868,0.132,CBS,Take and post a photo of the woman in your life who inspires you daily! Use the hashtag #WomanAmenACM in your post… https://t.co/7ShhvE48zy
175,-0.2023,2018-03-07 18:39:10+00:00,0.23,0.619,0.15,CBS,"RT @thegoodfight: Meticulously constructed. Soapy &amp; sexy. Intoxicating, savage television. ? Here's what critics are saying about #TheGoodF…"
176,0.0,2018-03-07 17:06:02+00:00,0.0,1.0,0.0,CBS,"This just in! @Jason_Aldean, @mirandalambert, @LukeBryanOnline, and many more are set to perform at the 53rd Academ… https://t.co/mfxw2VxzU4"
177,0.6705,2018-03-06 18:10:59+00:00,0.0,0.756,0.244,CBS,"Meet the ensemble of talented actors slated to join $1, a new mystery series coming to CBS All Access:… https://t.co/QoyYv7vxwg"
178,0.3818,2018-03-05 22:16:43+00:00,0.0,0.833,0.167,CBS,"Will @Jason_Aldean, @garthbrooks, @LukeBryanOnline, @ChrisStapleton, or @KeithUrban be named Entertainer Of The Yea… https://t.co/rMD8zjeX3s"
179,0.4404,2018-03-04 08:05:26+00:00,0.0,0.884,0.116,CBS,"RT @thegoodfight: It feels good to be back. ??? The season 2 premiere of #TheGoodFight is now streaming, exclusively on CBS All Access: htt…"
180,0.0,2018-03-03 20:55:20+00:00,0.0,1.0,0.0,CBS,"RT @thegoodfight: Tomorrow, #TheGoodFight is back. Stream the season 2 premiere only on CBS All Access: https://t.co/tNFR8LBJO2 https://t.c…"
181,0.7096,2018-03-02 22:30:01+00:00,0.0,0.753,0.247,CBS,"Who are the trailblazing women in your life that inspire you? Join CBS and the ANA's #SeeHer initiative, celebratin… https://t.co/M0KqZ41Bes"
182,0.7096,2018-03-02 20:30:01+00:00,0.0,0.718,0.282,CBS,"Join @maria_bello, @aishatyler and @TeaLeoni in celebrating the accomplishments of women who have contributed to th… https://t.co/MefESBeFL3"
183,0.4939,2018-03-02 18:45:00+00:00,0.0,0.849,0.151,CBS,"In honor of Women's History Month, CBS and the Association of National Advertisers' (ANA) #SeeHer initiative will p… https://t.co/2wtYxKJVuO"
184,-0.6981,2018-03-01 18:59:01+00:00,0.21,0.79,0.0,CBS,RT @ZoeListerJones: Tonight’s an all new Life In Pieces and it’s directed by my ride or die @nataliaanderson!!!… https://t.co/2LPfmyLWrY
185,0.4547,2018-03-01 18:12:57+00:00,0.092,0.749,0.159,CBS,"RT @MarenMorris: Hot damn! Woke up from my post-wisdom teeth haze to find out I’m up for 4 @ACMawards ! So honored, especially for the Dear…"
186,0.8591,2018-03-01 18:11:50+00:00,0.0,0.462,0.538,CBS,RT @KelseaBallerini: Ohhhhh goodness. Incredible. Thank you thank you thank you. #female https://t.co/1ZTYjNfQeF
187,0.4885,2018-03-01 18:10:50+00:00,0.151,0.615,0.234,CBS,RT @KeithUrban: ACMs...... HOLY SMOKES!!!!! MAD LOVE TO U ALL THIS MORNING  FOR THESE INCREDIBLE NOMINATIONS. I’M EXTREMELY GRATEFUL!!!!!!!…
188,0.5994,2018-03-01 14:36:21+00:00,0.0,0.822,0.178,CBS,"RT @ACMawards: Congratulations to this year’s #ACMawards Video of the Year nominees:
“Black” - @DierksBentley
“It Ain’t My Fault” - @Brothe…"
189,0.7717,2018-03-01 14:29:20+00:00,0.0,0.675,0.325,CBS,"RT @ACMawards: Please give a round of applause to this year’s #ACMawards Entertainer of the Year nominees: @Jason_Aldean, @GarthBrooks, @Lu…"
190,0.6908,2018-03-01 14:15:29+00:00,0.0,0.725,0.275,CBS,".@ChrisStapleton, @ThomasRhett, @mirandalambert and more are all nominated for awards at Country Music's Party of t… https://t.co/Vm1vXRUDYJ"
191,0.0,2018-03-01 13:50:11+00:00,0.0,1.0,0.0,CBS,"The Queen of Country, @Reba, is returning to host the 53rd #ACMawards on Sunday, April 15 at 8/7c. Here are a few o… https://t.co/Iqzz6Gql01"
192,0.0,2018-03-01 01:04:52+00:00,0.0,1.0,0.0,CBS,RT @survivorcbs: It’s time! #Survivor https://t.co/YPk6cGWrUA
193,0.0,2018-02-28 19:56:58+00:00,0.0,1.0,0.0,CBS,"RT @CBSThisMorning: TOMORROW: The nominees for the 2018 @ACMawards will be announced live by the one-and-only, @Reba! 

Watch on @CBS in ou…"
194,0.4404,2018-02-28 19:08:30+00:00,0.0,0.884,0.116,CBS,"RT @thegoodfight: From the set design and costumes to hair and makeup, the production quality is truly next-level. Take a peek inside the u…"
195,0.5562,2018-02-27 03:23:47+00:00,0.0,0.848,0.152,CBS,RT @LivinBiblically: The fun continues on Facebook! The #LivingBiblically cast is live to talk about tonight’s premiere. Tune in here: http…
196,0.0,2018-02-26 22:50:32+00:00,0.0,1.0,0.0,CBS,"RT @KevinCanWaitCBS: Can you get all the way through these #KevinCanWait bloopers without laughing?! @KevinJames,@LeahRemini and the rest o…"
197,0.0,2018-02-26 21:08:30+00:00,0.0,1.0,0.0,CBS,"RT @ACMawards: That’s right! @Reba is headed to @CBSThisMorning on Thursday, March 1 to announce this year’s #ACMAwards' nominees. Tune in…"
198,0.4482,2018-02-26 19:53:41+00:00,0.0,0.895,0.105,CBS,"RT @ScorpionCBS: You can't hack your way to a 197 IQ, but you are well on your way with these Genius Facts from #TeamScorpion! ? You can be…"
199,0.784,2018-02-26 18:32:36+00:00,0.0,0.734,0.266,CBS,RT @SuperiorDonuts: You can always count on @DavidKoechner for a laugh! Did your favorite Tush moment make the list? Catch a new #SuperiorD…
200,0.2263,2018-03-30 03:31:04+00:00,0.0,0.899,0.101,CNN,Spotify is about to go public — and one analyst thinks it could be worth $43.5 billion https://t.co/YFGqBucxsX https://t.co/oxHsXGdhVh
201,-0.4767,2018-03-30 03:24:51+00:00,0.171,0.829,0.0,CNN,A London orchestra's brass section was so loud a violist says it ruined his hearing. A judge agreed.… https://t.co/6yNRrWsEdM
202,0.0,2018-03-30 03:16:07+00:00,0.0,1.0,0.0,CNN,The Trump administration plans to require nearly all visa applicants to the US to submit five years of social media… https://t.co/utAwtGucsr
203,-0.6705,2018-03-30 03:16:02+00:00,0.184,0.816,0.0,CNN,"Days after five members of the same family were killed when their SUV went over a cliff, investigators are still lo… https://t.co/TxwiLmAomF"
204,-0.2732,2018-03-30 03:01:07+00:00,0.137,0.773,0.09,CNN,Human rights lawyer Amal Clooney has agreed to represent two Reuters journalists who have been jailed in Myanmar an… https://t.co/8Bo1vTvhYY
205,-0.6908,2018-03-30 02:56:03+00:00,0.212,0.736,0.052,CNN,"Draylen Mason had just been admitted to a prestigious music school, but the 17-year-old died in the Austin bombings… https://t.co/kPiOxoRerr"
206,-0.4588,2018-03-30 02:51:02+00:00,0.176,0.824,0.0,CNN,"Sears CEO Eddie Lampert got a  24% raise last year, despite the company's financial troubles https://t.co/NTag87tUEB"
207,-0.6249,2018-03-30 02:44:45+00:00,0.267,0.733,0.0,CNN,"Howard University students protested following news that six university employees were fired for ""double-dipping"" f… https://t.co/j5wSHApjHt"
208,-0.296,2018-03-30 02:41:05+00:00,0.104,0.896,0.0,CNN,ExxonMobil won't be able to stop state investigations into whether it misled investors and the public about its kno… https://t.co/30xneAmd3x
209,0.2732,2018-03-30 02:37:06+00:00,0.0,0.87,0.13,CNN,"This Easter, don't let politics define forgiveness | By Bob Vander Plaats via @CNNOpinion https://t.co/tDbOCBMjEC https://t.co/fjGkv5PQTY"
210,0.4215,2018-03-30 02:31:05+00:00,0.0,0.865,0.135,CNN,"Johan van Hulst, a former Dutch senator and teacher who saved hundreds of Jewish children during the Holocaust, die… https://t.co/HPHHxgPK7p"
211,0.0,2018-03-30 02:22:07+00:00,0.0,1.0,0.0,CNN,Russia's RT television network will go dark in Washington DC https://t.co/TA4SmzpqoC https://t.co/yFyj9jXPd0
212,-0.5106,2018-03-30 02:17:30+00:00,0.163,0.837,0.0,CNN,"Judge Stephen Reinhardt, a liberal federal appeals court judge who was part of a panel that rejected California's P… https://t.co/OiL15dux5h"
213,0.25,2018-03-30 02:16:03+00:00,0.0,0.895,0.105,CNN,"Sarah Jessica Parker has endorsed her ""Sex and the City"" costar Cynthia Nixon for New York governor… https://t.co/kOxwnvg8EP"
214,0.0,2018-03-30 02:15:16+00:00,0.0,1.0,0.0,CNN,"A court once again orders a new trial for Adnan Syed, the subject of a ""Serial"" podcast https://t.co/f9awk8fpoI https://t.co/nGhyWFsoi3"
215,0.6808,2018-03-30 02:10:48+00:00,0.11,0.61,0.28,CNN,"RT @AC360: Fired VA secretary says his replacement is a ""person who is honorable and cares about our veterans"" and pledges to help him thro…"
216,0.0,2018-03-30 02:01:43+00:00,0.0,1.0,0.0,CNN,"The ""Sharknado"" movies will end after a sixth installment this summer https://t.co/LFghVNqMG3 https://t.co/xitTwRA2yp"
217,0.3612,2018-03-30 01:59:48+00:00,0.0,0.815,0.185,CNN,India is building a city from scratch to attract foreign investors https://t.co/0w7l1CpKA7 https://t.co/lrjXCDlua1
218,-0.296,2018-03-30 01:37:39+00:00,0.104,0.896,0.0,CNN,"China's rap scene has been frustrated by a crackdown.

Last year, the genre was having something of a heyday, but t… https://t.co/Kl8qQWAtXj"
219,-0.4767,2018-03-30 01:29:23+00:00,0.134,0.866,0.0,CNN,"There are visible, external signs that can indicate if something is wrong with your heart -- check your fingers, ea… https://t.co/wCXF1zrUlX"
220,0.2263,2018-03-30 03:31:04+00:00,0.0,0.899,0.101,CNN,Spotify is about to go public — and one analyst thinks it could be worth $43.5 billion https://t.co/YFGqBucxsX https://t.co/oxHsXGdhVh
221,-0.4767,2018-03-30 03:24:51+00:00,0.171,0.829,0.0,CNN,A London orchestra's brass section was so loud a violist says it ruined his hearing. A judge agreed.… https://t.co/6yNRrWsEdM
222,0.0,2018-03-30 03:16:07+00:00,0.0,1.0,0.0,CNN,The Trump administration plans to require nearly all visa applicants to the US to submit five years of social media… https://t.co/utAwtGucsr
223,-0.6705,2018-03-30 03:16:02+00:00,0.184,0.816,0.0,CNN,"Days after five members of the same family were killed when their SUV went over a cliff, investigators are still lo… https://t.co/TxwiLmAomF"
224,-0.2732,2018-03-30 03:01:07+00:00,0.137,0.773,0.09,CNN,Human rights lawyer Amal Clooney has agreed to represent two Reuters journalists who have been jailed in Myanmar an… https://t.co/8Bo1vTvhYY
225,-0.6908,2018-03-30 02:56:03+00:00,0.212,0.736,0.052,CNN,"Draylen Mason had just been admitted to a prestigious music school, but the 17-year-old died in the Austin bombings… https://t.co/kPiOxoRerr"
226,-0.4588,2018-03-30 02:51:02+00:00,0.176,0.824,0.0,CNN,"Sears CEO Eddie Lampert got a  24% raise last year, despite the company's financial troubles https://t.co/NTag87tUEB"
227,-0.6249,2018-03-30 02:44:45+00:00,0.267,0.733,0.0,CNN,"Howard University students protested following news that six university employees were fired for ""double-dipping"" f… https://t.co/j5wSHApjHt"
228,-0.296,2018-03-30 02:41:05+00:00,0.104,0.896,0.0,CNN,ExxonMobil won't be able to stop state investigations into whether it misled investors and the public about its kno… https://t.co/30xneAmd3x
229,0.2732,2018-03-30 02:37:06+00:00,0.0,0.87,0.13,CNN,"This Easter, don't let politics define forgiveness | By Bob Vander Plaats via @CNNOpinion https://t.co/tDbOCBMjEC https://t.co/fjGkv5PQTY"
230,0.4215,2018-03-30 02:31:05+00:00,0.0,0.865,0.135,CNN,"Johan van Hulst, a former Dutch senator and teacher who saved hundreds of Jewish children during the Holocaust, die… https://t.co/HPHHxgPK7p"
231,0.0,2018-03-30 02:22:07+00:00,0.0,1.0,0.0,CNN,Russia's RT television network will go dark in Washington DC https://t.co/TA4SmzpqoC https://t.co/yFyj9jXPd0
232,-0.5106,2018-03-30 02:17:30+00:00,0.163,0.837,0.0,CNN,"Judge Stephen Reinhardt, a liberal federal appeals court judge who was part of a panel that rejected California's P… https://t.co/OiL15dux5h"
233,0.25,2018-03-30 02:16:03+00:00,0.0,0.895,0.105,CNN,"Sarah Jessica Parker has endorsed her ""Sex and the City"" costar Cynthia Nixon for New York governor… https://t.co/kOxwnvg8EP"
234,0.0,2018-03-30 02:15:16+00:00,0.0,1.0,0.0,CNN,"A court once again orders a new trial for Adnan Syed, the subject of a ""Serial"" podcast https://t.co/f9awk8fpoI https://t.co/nGhyWFsoi3"
235,0.6808,2018-03-30 02:10:48+00:00,0.11,0.61,0.28,CNN,"RT @AC360: Fired VA secretary says his replacement is a ""person who is honorable and cares about our veterans"" and pledges to help him thro…"
236,0.0,2018-03-30 02:01:43+00:00,0.0,1.0,0.0,CNN,"The ""Sharknado"" movies will end after a sixth installment this summer https://t.co/LFghVNqMG3 https://t.co/xitTwRA2yp"
237,0.3612,2018-03-30 01:59:48+00:00,0.0,0.815,0.185,CNN,India is building a city from scratch to attract foreign investors https://t.co/0w7l1CpKA7 https://t.co/lrjXCDlua1
238,-0.296,2018-03-30 01:37:39+00:00,0.104,0.896,0.0,CNN,"China's rap scene has been frustrated by a crackdown.

Last year, the genre was having something of a heyday, but t… https://t.co/Kl8qQWAtXj"
239,-0.4767,2018-03-30 01:29:23+00:00,0.134,0.866,0.0,CNN,"There are visible, external signs that can indicate if something is wrong with your heart -- check your fingers, ea… https://t.co/wCXF1zrUlX"
240,-0.5719,2018-03-30 01:23:27+00:00,0.239,0.761,0.0,CNN,The Trump administration will no longer seek to automatically release pregnant immigrants from detention -- a move… https://t.co/QjtCGmRRBM
241,-0.7096,2018-03-30 01:20:18+00:00,0.228,0.772,0.0,CNN,"One fought her abuser every night, another stood up to her groping boss. Meet the women driven by the #MeToo moveme… https://t.co/FD5flQof8n"
242,0.0,2018-03-30 01:12:02+00:00,0.0,1.0,0.0,CNN,Abortion funds band together to sue their cyberattackers https://t.co/bkEMLRCLjB https://t.co/mPvroEKFqZ
243,0.1779,2018-03-30 01:07:13+00:00,0.172,0.628,0.201,CNN,Fox News host Laura Ingraham apologized for a widely derided tweet in which she mocked Parkland survivor David Hogg… https://t.co/mZ3grjS0wW
244,0.34,2018-03-30 01:04:19+00:00,0.0,0.876,0.124,CNN,Can President Trump handle John Bolton's mustache? The incoming national security adviser's look has caused quite a… https://t.co/W2benbhl7m
245,0.0,2018-03-30 00:56:34+00:00,0.0,1.0,0.0,CNN,#KeepingThemHonest: President Trump tweets photos and says new border wall construction has started. It hasn't.… https://t.co/z8dnMhowfL
246,0.0,2018-03-30 00:53:49+00:00,0.0,1.0,0.0,CNN,RT @AC360: Former Veterans Affairs Secretary David Shulkin tells Anderson Cooper that Trump appointees inside the agency worked to limit hi…
247,0.6486,2018-03-30 00:50:46+00:00,0.0,0.762,0.238,CNN,Outgoing VA chief David Shulkin: I have considerable respect for Ronny Jackson and I'll do everything I can to help… https://t.co/y3ID1dl2du
248,-0.0516,2018-03-30 00:47:50+00:00,0.15,0.708,0.142,CNN,"A day after President Trump fired him as secretary of veterans affairs, David Shulkin offered kind words to preside… https://t.co/cEdeR9JH0P"
249,0.0,2018-03-30 00:33:04+00:00,0.0,1.0,0.0,CNN,The Trump administration is taking steps toward an anticipated move to roll back greenhouse gas emissions and fuel… https://t.co/pFSPVaHYQ9
250,0.0,2018-03-30 00:20:32+00:00,0.0,1.0,0.0,CNN,"RT @OutFrontCNN: ""I believe that there were a ton of porn stars and a ton of Playmates...if you're not doing things you shouldn't be doing,…"
251,-0.1655,2018-03-30 00:13:40+00:00,0.109,0.817,0.074,CNN,"President Trump again attacked Amazon for not paying state and local taxes, but it actually does https://t.co/all05VIcap"
252,0.0,2018-03-30 00:07:10+00:00,0.0,1.0,0.0,CNN,"Would you ride in this ""Roseanne"" car? A New York City subway train car has been transformed to resemble Roseanne's… https://t.co/GwSForC0Sg"
253,-0.3182,2018-03-30 00:01:06+00:00,0.108,0.892,0.0,CNN,So-called stumbling stones -- memorials to victims of the Holocaust -- bring history to life for a new generation o… https://t.co/tdjNflYghm
254,0.0,2018-03-29 23:54:27+00:00,0.0,1.0,0.0,CNN,"RT @OutFrontCNN: ""I almost did not come on the show tonight, Erin...I'd prefer that Mr. Schwartz come on your show...every time he speaks o…"
255,-0.3182,2018-03-29 23:53:04+00:00,0.161,0.839,0.0,CNN,Kellyanne Conway's husband deletes tweets that were critical of President Trump https://t.co/9wwwITMuHu https://t.co/k1ZUBDyYIg
256,0.0,2018-03-29 23:48:06+00:00,0.0,1.0,0.0,CNN,"Two commercial pilots flying over the Arizona desert claim they saw an unidentified flying object pass overhead, ac… https://t.co/GPf0exLGkf"
257,0.0,2018-03-29 23:32:33+00:00,0.0,1.0,0.0,CNN,President Trump's very small (and shrinking) inner circle | Analysis by CNN's Z. Byron Wolf https://t.co/6fEThIrJuN https://t.co/nRasFShLyF
258,0.0,2018-03-29 23:22:25+00:00,0.0,1.0,0.0,CNN,"RT @OutFrontCNN: ""We're going to have people going to the slammer over this, the question is who, and how high up this is going to reach...…"
259,0.0,2018-03-29 23:15:53+00:00,0.0,1.0,0.0,CNN,"Tesla is recalling about 123,000 Model S sedans in order to have their power steering bolts replaced… https://t.co/LiOsB7jUjd"
260,0.4939,2018-03-29 23:11:03+00:00,0.0,0.862,0.138,CNN,You've heard of SpaceX landing and reusing rockets. But safely recapturing the $6 million nose cone that sits at th… https://t.co/VjMY4TfAd1
261,0.0,2018-03-29 23:04:05+00:00,0.0,1.0,0.0,CNN,The Broward County Public Defender's office says between 100 and 200 pieces of mail have arrived at the county jail… https://t.co/LvCLfvBKZK
262,0.0,2018-03-29 22:58:05+00:00,0.0,1.0,0.0,CNN,Some African-American students at Marjory Stoneman Douglas High School in Florida say their voices have been ignore… https://t.co/njkzg0BhY2
263,0.2732,2018-03-29 22:52:04+00:00,0.0,0.877,0.123,CNN,The White House is reviewing a proposal that could penalize immigrants who use certain government programs… https://t.co/oSUGtngbLY
264,0.3818,2018-03-29 22:47:36+00:00,0.136,0.607,0.257,CNN,Thank goodness for March Madness -- and Sister Jean | By Terence Moore via @CNNOpinion https://t.co/w84GQHt44z https://t.co/Kx7L8dXLAT
265,-0.3182,2018-03-29 22:46:15+00:00,0.087,0.913,0.0,CNN,RT @CNNMoney: This was the quarter when investors were reminded that stocks don't go up forever. The Dow lost more than 2% during the first…
266,0.0,2018-03-29 22:41:04+00:00,0.0,1.0,0.0,CNN,"President Trump says the US will withdraw from Syria ""very soon"" https://t.co/RvQayv9Q8f https://t.co/UnTtAdgKoE"
267,-0.2732,2018-03-29 22:36:52+00:00,0.116,0.884,0.0,CNN,"Former French President Nicolas Sarkozy will face a trial on charges of corruption and influence peddling, a source… https://t.co/0Fzp1HGNQt"
268,-0.2263,2018-03-29 22:27:41+00:00,0.148,0.741,0.111,CNN,"Rep. Ted Lieu: If President Trump fired AG Jeff Sessions or special counsel Robert Mueller, “that would be obstruct… https://t.co/6rmnRyhhUJ"
269,0.0,2018-03-29 22:26:38+00:00,0.0,1.0,0.0,CNN,"RT @cnnhealth: Rubber ducky, you're the one -- full of bacteria: https://t.co/VztN22yGcX https://t.co/sJyLCvu5U6"
270,-0.34,2018-03-29 22:23:34+00:00,0.124,0.876,0.0,CNN,"Cambridge Analytica, the Trump campaign-linked data firm under fire for sweeping collection of Facebook data, has i… https://t.co/Fr2r9Q1FrU"
271,0.6597,2018-03-29 22:07:54+00:00,0.0,0.735,0.265,CNN,Special counsel Robert Mueller pushed for former Trump campaign deputy Rick Gates' help to investigate collusion… https://t.co/IaWLKr1lcR
272,0.6597,2018-03-29 22:02:46+00:00,0.0,0.748,0.252,CNN,BREAKING: Special counsel Robert Mueller pushed for former Trump campaign deputy Rick Gates' help to investigate co… https://t.co/V8nstPKJPH
273,0.4215,2018-03-29 22:01:07+00:00,0.0,0.851,0.149,CNN,Under Armour announced that about 150 million accounts on the popular health app MyFitnessPal were hacked… https://t.co/IkGKtiVL2q
274,-0.2732,2018-03-29 21:51:02+00:00,0.143,0.759,0.097,CNN,Dining out frequently is known to increase one's intake of unhealthy sugars and fats. But a new study suggests that… https://t.co/fNHkY718qD
275,0.6369,2018-03-29 21:46:58+00:00,0.089,0.61,0.301,CNN,"This curious cheetah hopped into a car on a safari trip. Thankfully, everyone remained calm, and no one was hurt… https://t.co/p4A4wHOtoE"
276,0.0,2018-03-29 21:41:05+00:00,0.0,1.0,0.0,CNN,"Who is John Huber, the Utah US attorney investigating claims of FBI misconduct? https://t.co/4GXVWq4uCt https://t.co/MPgd7mrZmx"
277,-0.0258,2018-03-29 21:38:37+00:00,0.161,0.683,0.157,CNN,"RT @TheLeadCNN: In interview with @jimsciutto, Michael Cohen’s spokesman says if you want to avoid litigation and protect someone, you pay…"
278,-0.2023,2018-03-29 21:34:45+00:00,0.087,0.913,0.0,CNN,"Here are some of iOS 11.3's features you should know about:
- You can turn off the controversial iPhone-slowing fea… https://t.co/L3LGrzlCcy"
279,-0.7587,2018-03-29 21:28:24+00:00,0.319,0.681,0.0,CNN,"US State Dept. spokeswoman Heather Nauert said Moscow ""should not be acting like a victim"" and rejected the Russian… https://t.co/YAA5AssL3x"
280,0.0,2018-03-29 21:25:05+00:00,0.0,1.0,0.0,CNN,"RT @CNNSitRoom: Rep. Swalwell on FBI misconduct investigation: There shouldn’t even be a minimal investigation, Sessions is trying “to appe…"
281,0.0,2018-03-29 21:12:07+00:00,0.0,1.0,0.0,CNN,READ: AG Sessions announces prosecutor investigating claims of FBI misconduct https://t.co/4Gm9QxQ6q8 https://t.co/7wQR4kXhJG
282,-0.5106,2018-03-29 20:59:11+00:00,0.155,0.845,0.0,CNN,The prosecutor has been looking into allegations that the FBI abused its powers in surveilling a former Trump campa… https://t.co/6CuPYqnCSF
283,0.2023,2018-03-29 20:57:08+00:00,0.0,0.893,0.107,CNN,JUST IN: Attorney General Jeff Sessions reveals a top federal prosecutor has been examining Republican-driven accus… https://t.co/XUBfLFe3DR
284,0.5859,2018-03-29 20:46:32+00:00,0.0,0.847,0.153,CNN,"RT @CNNMoney: Dow jumps 312 points as tech stocks rebound. Despite rally, Dow snaps longest quarterly win streak in 20 years. https://t.co/…"
285,-0.4585,2018-03-29 20:42:10+00:00,0.13,0.87,0.0,CNN,"After ousting the VA chief, President Trump says he ""wasn't happy with the speed with which our veterans were taken… https://t.co/k8NdKx9brz"
286,0.4939,2018-03-29 20:40:33+00:00,0.0,0.878,0.122,CNN,"RT @TheLeadCNN: Michael Cohen’s spokesman on Donald Trump and Stormy Daniels: “I don’t care what they did 12 years ago, and I don’t think m…"
287,0.0,2018-03-29 20:36:16+00:00,0.0,1.0,0.0,CNN,"Japan revealed it was seeking a summit with North Korean leader Kim Jong Un, as some in Tokyo expressed concern the… https://t.co/CtRPJUTTN5"
288,-0.2263,2018-03-29 20:27:51+00:00,0.09,0.857,0.053,CNN,"If we want to stop Putin, we need to go after his sources of money | By Josh Campbell and Robert Baer via… https://t.co/4sOAOuxyl2"
289,0.25,2018-03-29 20:24:56+00:00,0.0,0.833,0.167,CNN,A legal defense fund site has been set up for former FBI deputy director Andrew McCabe https://t.co/6QN9ZI60gN https://t.co/DEjGP6PotL
290,-0.4767,2018-03-29 20:12:18+00:00,0.171,0.829,0.0,CNN,A new study confirms what parents already know: the inside of a rubber ducky is gross https://t.co/xbRGiesbXr https://t.co/3x4UbdnRO9
291,0.25,2018-03-29 20:01:03+00:00,0.0,0.833,0.167,CNN,A legal defense fund site has been set up for former FBI deputy director Andrew McCabe https://t.co/paHZlMwKmT https://t.co/XFCjtvK8RI
292,0.3612,2018-03-29 19:53:18+00:00,0.0,0.857,0.143,CNN,This hockey player breastfeeds her baby during game breaks -- like a total mom boss https://t.co/bBRuDim6v3 https://t.co/9GcSvlzSzX
293,0.5267,2018-03-29 19:47:38+00:00,0.0,0.793,0.207,CNN,This is what one tragedy-filled month says about race and justice in America https://t.co/MwffOo6Wg9
294,0.6486,2018-03-29 19:31:10+00:00,0.0,0.588,0.412,CNN,Amazon is responsible for a huge chunk of the Trump rally https://t.co/eGbfMXHPjv https://t.co/iYm2Vr2BqD
295,0.1531,2018-03-29 19:28:00+00:00,0.0,0.918,0.082,CNN,"In an emotional court hearing, the judge overseeing Bill Cosby's retrial said his wife's career as a social worker… https://t.co/bmyr953l3H"
296,0.6486,2018-03-29 19:24:44+00:00,0.0,0.806,0.194,CNN,"RT @CNNnewsroom: ""We don't have kings in our society...the President of the United States is just like any other citizen, [he] has to stand…"
297,0.7269,2018-03-29 19:21:06+00:00,0.0,0.766,0.234,CNN,"On the campaign trail, Trump pledged to improve veterans' care. But his pick of WH physician Ronny Jackson to be se… https://t.co/UVJieLuBJ5"
298,-0.3612,2018-03-29 19:16:07+00:00,0.111,0.889,0.0,CNN,"A funeral for Stephon Clark, an unarmed 22-year-old who was shot by police, is being held in Sacramento. Rev. Al Sh… https://t.co/0O6RP6ydF9"
299,0.2263,2018-03-29 19:16:06+00:00,0.0,0.899,0.101,CNN,Spotify is about to go public — and one analyst thinks it could be worth $43.5 billion https://t.co/YNQAPPKTaq https://t.co/BQExngiPAi
300,-0.4767,2018-03-30 02:33:57+00:00,0.14,0.86,0.0,fox,RT @jessamyn: NYTimes releases Diversity and Inclusion Report. With graphs that have differing Y axes that subtly give the wrong impression…
301,0.4404,2018-03-29 22:58:07+00:00,0.0,0.828,0.172,fox,"@mjmichellekim also, thanks to you I’ve just discovered you can pitch pieces to Quartz ?????"
302,0.0,2018-03-29 22:53:52+00:00,0.0,1.0,0.0,fox,"“To achieve lasting change, you have to focus on something bigger than what you can measure in the short-term.” 

Y… https://t.co/4b5womubML"
303,0.2732,2018-03-29 22:48:43+00:00,0.0,0.896,0.104,fox,"I’m one of those people who create a spreadsheet for all the organisations I’m interviewing with, gather their dive… https://t.co/2RsVggo5yI"
304,0.0,2018-03-29 08:14:48+00:00,0.0,1.0,0.0,fox,@noopkat I subscribe to this newsletter
305,0.4753,2018-03-29 05:36:01+00:00,0.145,0.661,0.194,fox,"@kissane Sorry for being unclear! I think citation is great, I often found resources I haven’t seen before, plus al… https://t.co/jcD3ZGYM7m"
306,0.0,2018-03-29 05:14:15+00:00,0.0,1.0,0.0,fox,"@kissane So the approach of just hot linking to a website out there without considering how people could report, wh… https://t.co/MrFZRDGLY6"
307,0.0,2018-03-29 05:01:57+00:00,0.0,1.0,0.0,fox,Just to clarify: linking to https://t.co/a6Ht7BpUMZ or other examples out there doesn’t constitute an inclusion or… https://t.co/tktVbndmgi
308,0.4926,2018-03-29 05:00:16+00:00,0.083,0.715,0.203,fox,"@kissane Yeah, that is good! I meant the events that link directly to public Code of Conducts that have no contact details, etc."
309,0.0,2018-03-29 04:47:52+00:00,0.0,1.0,0.0,fox,"If a Code of Conduct of an event links to one of the community-hosted, external CoCs, what it tells me is that the… https://t.co/K27uhTjXbg"
310,0.34,2018-03-29 03:15:10+00:00,0.0,0.876,0.124,fox,"AirBnB giving out user data to the Chinese government, Facebook discriminating through ads and leaking user informa… https://t.co/lAHF6sJuKG"
311,0.6606,2018-03-29 03:12:44+00:00,0.0,0.747,0.253,fox,"RT @sw: This is so exciting, @triketora lands in the Southern Hemisphere! ??? https://t.co/I5czjV84uE"
312,0.5859,2018-03-28 21:24:26+00:00,0.0,0.789,0.211,fox,"Thank you for the shout-out to inclusion at CSSConf AU @kylietimpani ?????

Make sure you read the entire interview… https://t.co/S21RBI6s2y"
313,0.7345,2018-03-28 09:34:35+00:00,0.0,0.708,0.292,fox,"RT @Future_Females: Happy #MuslimWomensMonth ! Today we're watching one of our favourite advocates for tolerance and diversity, @yassmin_a…"
314,0.8225,2018-03-28 06:25:50+00:00,0.0,0.602,0.398,fox,I love how sometimes people advise underrepresented groups to take on opportunities that require significant salary… https://t.co/eYww0rgKAE
315,0.4404,2018-03-28 06:02:55+00:00,0.0,0.879,0.121,fox,RT @catehstn: Discovering the five causes of burnout that are not overwork informed this approach. It’s such a useful way to understand bur…
316,0.0,2018-03-28 05:37:09+00:00,0.0,1.0,0.0,fox,"A Tim Tam a day keeps the doctor away.

—ancient Australian proverb"
317,-0.7722,2018-03-28 01:59:26+00:00,0.271,0.729,0.0,fox,"I’ve been watching Big Little Lies lately, and the portrayal of the complexity of abusive relationships is both exc… https://t.co/qMNxveax5O"
318,0.4199,2018-03-28 01:44:18+00:00,0.0,0.417,0.583,fox,@RedRoxProjects Thank you! ?
319,0.0,2018-03-28 01:15:30+00:00,0.0,1.0,0.0,fox,@OphelieLechat ?
320,-0.4767,2018-03-30 02:33:57+00:00,0.14,0.86,0.0,fox,RT @jessamyn: NYTimes releases Diversity and Inclusion Report. With graphs that have differing Y axes that subtly give the wrong impression…
321,0.4404,2018-03-29 22:58:07+00:00,0.0,0.828,0.172,fox,"@mjmichellekim also, thanks to you I’ve just discovered you can pitch pieces to Quartz ?????"
322,0.0,2018-03-29 22:53:52+00:00,0.0,1.0,0.0,fox,"“To achieve lasting change, you have to focus on something bigger than what you can measure in the short-term.” 

Y… https://t.co/4b5womubML"
323,0.2732,2018-03-29 22:48:43+00:00,0.0,0.896,0.104,fox,"I’m one of those people who create a spreadsheet for all the organisations I’m interviewing with, gather their dive… https://t.co/2RsVggo5yI"
324,0.0,2018-03-29 08:14:48+00:00,0.0,1.0,0.0,fox,@noopkat I subscribe to this newsletter
325,0.4753,2018-03-29 05:36:01+00:00,0.145,0.661,0.194,fox,"@kissane Sorry for being unclear! I think citation is great, I often found resources I haven’t seen before, plus al… https://t.co/jcD3ZGYM7m"
326,0.0,2018-03-29 05:14:15+00:00,0.0,1.0,0.0,fox,"@kissane So the approach of just hot linking to a website out there without considering how people could report, wh… https://t.co/MrFZRDGLY6"
327,0.0,2018-03-29 05:01:57+00:00,0.0,1.0,0.0,fox,Just to clarify: linking to https://t.co/a6Ht7BpUMZ or other examples out there doesn’t constitute an inclusion or… https://t.co/tktVbndmgi
328,0.4926,2018-03-29 05:00:16+00:00,0.083,0.715,0.203,fox,"@kissane Yeah, that is good! I meant the events that link directly to public Code of Conducts that have no contact details, etc."
329,0.0,2018-03-29 04:47:52+00:00,0.0,1.0,0.0,fox,"If a Code of Conduct of an event links to one of the community-hosted, external CoCs, what it tells me is that the… https://t.co/K27uhTjXbg"
330,0.34,2018-03-29 03:15:10+00:00,0.0,0.876,0.124,fox,"AirBnB giving out user data to the Chinese government, Facebook discriminating through ads and leaking user informa… https://t.co/lAHF6sJuKG"
331,0.6606,2018-03-29 03:12:44+00:00,0.0,0.747,0.253,fox,"RT @sw: This is so exciting, @triketora lands in the Southern Hemisphere! ??? https://t.co/I5czjV84uE"
332,0.5859,2018-03-28 21:24:26+00:00,0.0,0.789,0.211,fox,"Thank you for the shout-out to inclusion at CSSConf AU @kylietimpani ?????

Make sure you read the entire interview… https://t.co/S21RBI6s2y"
333,0.7345,2018-03-28 09:34:35+00:00,0.0,0.708,0.292,fox,"RT @Future_Females: Happy #MuslimWomensMonth ! Today we're watching one of our favourite advocates for tolerance and diversity, @yassmin_a…"
334,0.8225,2018-03-28 06:25:50+00:00,0.0,0.602,0.398,fox,I love how sometimes people advise underrepresented groups to take on opportunities that require significant salary… https://t.co/eYww0rgKAE
335,0.4404,2018-03-28 06:02:55+00:00,0.0,0.879,0.121,fox,RT @catehstn: Discovering the five causes of burnout that are not overwork informed this approach. It’s such a useful way to understand bur…
336,0.0,2018-03-28 05:37:09+00:00,0.0,1.0,0.0,fox,"A Tim Tam a day keeps the doctor away.

—ancient Australian proverb"
337,-0.7722,2018-03-28 01:59:26+00:00,0.271,0.729,0.0,fox,"I’ve been watching Big Little Lies lately, and the portrayal of the complexity of abusive relationships is both exc… https://t.co/qMNxveax5O"
338,0.4199,2018-03-28 01:44:18+00:00,0.0,0.417,0.583,fox,@RedRoxProjects Thank you! ?
339,0.0,2018-03-28 01:15:30+00:00,0.0,1.0,0.0,fox,@OphelieLechat ?
340,0.0772,2018-03-28 00:36:44+00:00,0.0,0.929,0.071,fox,"This, a thousand times for job interviews or ”I just want to catch up and talk about things”. https://t.co/5AA2d4vkwd"
341,0.0,2018-03-28 00:17:46+00:00,0.0,1.0,0.0,fox,@SaskiaFairfull North Melbourne Meat Market.
342,0.4199,2018-03-27 23:50:53+00:00,0.0,0.417,0.583,fox,@SaskiaFairfull Thank you!
343,0.743,2018-03-27 23:41:20+00:00,0.0,0.656,0.344,fox,"This incredible venue plus my art direction skills. I’m pretty proud of myself.

? https://t.co/st8XZOoc4y"
344,0.0,2018-03-27 21:59:30+00:00,0.0,1.0,0.0,fox,"Have you ever seen a conference releasing a diversity report, even if it’s only in the spectrum of gender?

I haven… https://t.co/e819on1BUh"
345,0.4939,2018-03-27 09:00:45+00:00,0.0,0.714,0.286,fox,@darngooood I’m perpetually inspired by your clothing style. ???
346,-0.872,2018-03-27 02:09:57+00:00,0.664,0.336,0.0,fox,"@mspowahs ugh damn Facebook, the root of evil"
347,0.623,2018-03-27 01:25:24+00:00,0.0,0.77,0.23,fox,"Company: Diversity and inclusion are really important to us!

Company has:

? Zero women
? Women only in support, m… https://t.co/MZmNK67D6a"
348,0.0,2018-03-27 00:54:50+00:00,0.0,1.0,0.0,fox,"RT @zeynep: Show me your budget and business model, and I’ll know your actual priorities. The rest is mostly PR. https://t.co/hy3XyoW3Lt"
349,0.0,2018-03-26 23:23:04+00:00,0.0,1.0,0.0,fox,@jennwrites the voices are coming from inside the house
350,0.8313,2018-03-26 23:22:32+00:00,0.0,0.339,0.661,fox,@lara_hogan Congratulations! You both look fantastic. ?
351,0.8176,2018-03-26 22:37:19+00:00,0.0,0.754,0.246,fox,"RT @menajew: There’s a common misconception that you can’t be Disabled and happy. That you can’t express joy, and if you do, you must not b…"
352,-0.5574,2018-03-26 22:25:49+00:00,0.167,0.833,0.0,fox,"Meanwhile in Poland, where the government is still trying to push an abortion ban and curb women’s rights. https://t.co/zTmJo9P2gy"
353,0.2023,2018-03-26 07:00:10+00:00,0.0,0.917,0.083,fox,"A casual reminder that you don’t need to be an entrepreneur, founder, C-level exec or a manager for your work to ma… https://t.co/jcxAagr1cL"
354,0.0,2018-03-26 06:58:15+00:00,0.0,1.0,0.0,fox,"@kouky @benschwarz It’s for me, obviously"
355,0.1179,2018-03-26 03:56:41+00:00,0.123,0.722,0.156,fox,"Seriously, @wnotw? Alcohol is the top perk you can think of? https://t.co/itaV4XwmOZ"
356,0.2732,2018-03-26 03:44:31+00:00,0.0,0.741,0.259,fox,RT @sarahcuda: this is well put. https://t.co/5sDOcqX29b
357,0.0,2018-03-26 02:47:03+00:00,0.0,1.0,0.0,fox,I need this pin immediately. https://t.co/EHTEFefzop
358,0.4588,2018-03-26 02:42:53+00:00,0.0,0.667,0.333,fox,@dgoodlad might be of your interest https://t.co/pS2X5ExrLs
359,0.0,2018-03-26 00:26:16+00:00,0.0,1.0,0.0,fox,"Less mentoring, more empowerment."
360,0.6588,2018-03-26 00:07:12+00:00,0.0,0.804,0.196,fox,"My life in a nutshell (plus a few great strategies on not talking about “being a woman in tech”).

?? @vaurorapub!

https://t.co/aTlTP0F8jI"
361,0.8873,2018-03-26 00:05:56+00:00,0.0,0.619,0.381,fox,"Do yourself a favour and read this fantastic piece by @sw and @vaurorapub on getting free from toxic tech culture.

https://t.co/CzPs8FaBcL"
362,-0.296,2018-03-25 23:28:32+00:00,0.115,0.885,0.0,fox,"After running a 4-day conference and I’m now back on calling out exclusion and toxic tech culture.

????? ??"
363,0.7351,2018-03-25 20:48:09+00:00,0.0,0.721,0.279,fox,"@benschwarz @adactio Also coffee at Karma, sweets at Massolit Bakery, wine at Charlotte, beer at Multi Qlti :)"
364,0.4019,2018-03-25 01:36:33+00:00,0.0,0.856,0.144,fox,RT @bubsolow: starting the job hunt ? would appreciate any junior developer roles / feedback on my resume https://t.co/PiSPoASsEf
365,0.6369,2018-03-24 20:59:43+00:00,0.0,0.698,0.302,fox,"@jennschiffer @laras126 @gr2m @jimthoburn @rouzbeh84 Yep, I just wanted to clarify why I was asking :)"
366,0.3612,2018-03-24 20:44:20+00:00,0.0,0.865,0.135,fox,"@jennschiffer @laras126 @gr2m @jimthoburn @rouzbeh84 I understand that, however I’d like to point out that there ar… https://t.co/Bn3xxN1M2S"
367,-0.2263,2018-03-24 10:01:49+00:00,0.204,0.657,0.139,fox,My event organizing performance review lies in community impressions. ?? https://t.co/4mzFEwwzKR
368,0.0,2018-03-24 09:37:21+00:00,0.0,1.0,0.0,fox,@laras126 @gr2m @jimthoburn @rouzbeh84 @jennschiffer Hmmmm... did that go through the rules for running a CSSConf? https://t.co/KaFgIwo4Rd
369,0.4019,2018-03-24 01:41:30+00:00,0.0,0.881,0.119,fox,"I wish all of the brands capitalizing on the feminist movement at least had some baseline of inclusion.

Make it in… https://t.co/yK3F8MMBP0"
370,0.4404,2018-03-23 23:03:43+00:00,0.0,0.854,0.146,fox,"Looking to read some new, good product and design books. Any recommendations for publications within the last 3 years? ?"
371,0.7213,2018-03-23 23:03:00+00:00,0.0,0.373,0.627,fox,"@tsunamino omg, so excellent!"
372,0.7959,2018-03-23 22:54:03+00:00,0.0,0.497,0.503,fox,@sch Sure! Thank you for being open to chatting. Emailed. :)
373,0.4588,2018-03-23 22:32:15+00:00,0.0,0.769,0.231,fox,"@sch I’m in Melbourne, which has 5 hours overlap with SF :)"
374,0.0,2018-03-23 22:17:43+00:00,0.0,1.0,0.0,fox,@sch hey! I’m assuming this isn’t a remote job?
375,0.3174,2018-03-23 22:09:16+00:00,0.0,0.85,0.15,fox,"@jasonfried I always really enjoyed 37signals’ books, but I can’t unsee the ableism in the title..."
376,-0.2023,2018-03-23 22:08:00+00:00,0.163,0.741,0.096,fox,I’d love to have more time to build up my professional portfolio but it’s hard to focus when there’s no job securit… https://t.co/QOnLi6v91M
377,0.6369,2018-03-23 22:05:46+00:00,0.0,0.846,0.154,fox,"As much as I love connecting with fellow women at tech events, it always breaks my heart so much that half of the c… https://t.co/DlZtj3F2AQ"
378,-0.5009,2018-03-23 22:04:12+00:00,0.175,0.825,0.0,fox,"@mapotato I’m so sorry about this, Theresa. We will try to find out the name of the offender. There will be consequences."
379,-0.2732,2018-03-23 22:02:44+00:00,0.099,0.852,0.049,fox,Inclusion sections on careers pages mean nothing if you can’t reply to all candidates no matter the outcome and giv… https://t.co/JrBPxHYF7m
380,0.802,2018-03-23 10:19:46+00:00,0.0,0.549,0.451,fox,@almonk @jgwhite @itchymutt Interesting. I’d be keen to chat in that case :)
381,0.3612,2018-03-23 10:08:18+00:00,0.0,0.894,0.106,fox,RT @duyenho: Hats off to @Fox for being the real deal ? Thank you Karolina and @benschwarz for the last ever #jsconfau18 https://t.co/8oRoy…
382,0.926,2018-03-23 10:08:07+00:00,0.0,0.571,0.429,fox,RT @not_sherry_wine: Shoutout to @fox and @benschwarz for the fantastic #JSConfAU18. The opportunity program is one of the best gift I’ve b…
383,0.0,2018-03-23 08:32:21+00:00,0.0,1.0,0.0,fox,"RT @the_patima: ?? I have something to tell you all...

I'm going to Berlin in June to speak at @jsconfeu!!!! ?

? It's my 1st ever trip to…"
384,0.0,2018-03-23 08:30:43+00:00,0.0,1.0,0.0,fox,@itchymutt @heroku SF-based?
385,0.0,2018-03-23 03:38:24+00:00,0.0,1.0,0.0,fox,RT @susanthesquark: I've said it a million times and I'll keep shouting it from the rooftops: a company's diversity and inclusion efforts m…
386,0.4767,2018-03-22 23:43:23+00:00,0.0,0.853,0.147,fox,"Apparently someone said that they’re only afraid of meeting two people; @dhh and myself.

I will take this as a compliment."
387,0.8481,2018-03-22 20:41:52+00:00,0.0,0.662,0.338,fox,"That’s a wrap, everyone. CSSConf and JSConf Australia are now a thing of a past.

Hope we left you inspired and with new friends.

?"
388,0.9098,2018-03-22 20:29:50+00:00,0.0,0.419,0.581,fox,"@robodana Thank you for your kind words, Dana! I’m glad you’ve enjoyed it"
389,0.4019,2018-03-22 20:29:29+00:00,0.0,0.649,0.351,fox,"@kriesse @benschwarz Texting from bed, yes ?"
390,0.7959,2018-03-22 01:21:07+00:00,0.0,0.361,0.639,fox,"@sentience Ah, interesting! Great photos ??"
391,0.6959,2018-03-22 01:09:38+00:00,0.0,0.759,0.241,fox,@sentience what camera and lenses are you using? Fuji or Leica? The quality is quite great.
392,0.9081,2018-03-21 23:17:34+00:00,0.0,0.648,0.352,fox,"RT @JSConfAU: Did you enjoy the live stream today? Great, because we’re doing it again today.

Tune in for awesome tech talks. ??? #jsconfa…"
393,-0.4574,2018-03-21 22:35:50+00:00,0.125,0.875,0.0,fox,"I have so many subtweets about people misbehaving in subtle ways at conferences I could probably write a book by now. 

Last day to go!"
394,0.4389,2018-03-21 01:30:04+00:00,0.0,0.862,0.138,fox,"RT @fox: ??? Hi everyone! I’m searching for new opportunities. 

I’m looking for multidisciplinary product, front-end and leadership roles.…"
395,0.4199,2018-03-20 23:43:13+00:00,0.0,0.417,0.583,fox,@RedRoxProjects Thank you! ?
396,0.4199,2018-03-20 23:21:08+00:00,0.0,0.417,0.583,fox,@agisilaosts thank you! ?
397,0.0,2018-03-20 22:30:20+00:00,0.0,1.0,0.0,fox,"We’re live streaming @jsconfau talks all day today and tomorrow. Starting in 30 minutes!

https://t.co/ttIzoV4Cjz"
398,-0.4019,2018-03-20 19:54:47+00:00,0.137,0.863,0.0,fox,RT @frameshiftllc: New angle for change in VC: founders refusing to take funding from all-male all-white firms https://t.co/AMi8UJbTGO
399,0.3612,2018-03-20 19:54:21+00:00,0.0,0.839,0.161,fox,@sentience @benschwarz @glenmaddern @xzyfer @jordanlewiz I like how everyone is wearing black or tan pants.
400,0.2023,2018-03-30 03:31:03+00:00,0.0,0.933,0.067,nytimes,"RT @koblin: The day after 2016 election, top ABC execs held a meeting to figure out how to program in the Trump era. 18 months later, Rosea…"
401,0.0,2018-03-30 03:16:06+00:00,0.0,1.0,0.0,nytimes,"Gym.
Tan.
Laundry.
Check on the kids. 
https://t.co/gqMNDPIhKL"
402,-0.5688,2018-03-30 03:01:05+00:00,0.221,0.779,0.0,nytimes,The U.N. secretary general called climate change “the most systemic threat to humankind” https://t.co/6qOyRo5UE4
403,-0.4215,2018-03-30 02:46:01+00:00,0.139,0.798,0.063,nytimes,The judge who is presiding at the retrial of Bill Cosby rejected defense motions to recuse himself because his wife… https://t.co/oscBX31Y9D
404,0.0772,2018-03-30 02:38:20+00:00,0.104,0.781,0.115,nytimes,"RT @katekelly: Friends of media mogul David Pecker broke bread with Trump at the White House, cementing a crucial link to the Saudi busines…"
405,0.0,2018-03-30 02:31:03+00:00,0.0,1.0,0.0,nytimes,The shake-up in the Veterans Affairs department has brought renewed focus to the debate over privatizing veterans'… https://t.co/eoyrP4aYbc
406,-0.296,2018-03-30 02:16:04+00:00,0.099,0.901,0.0,nytimes,"In Opinion,

@rgay writes: ""No amount of mental gymnastics can make what Roseanne Barr has said and done in recent… https://t.co/WIAVJ6gjo6"
407,0.4404,2018-03-30 02:01:04+00:00,0.0,0.828,0.172,nytimes,Hope Hicks has left the building. Those left behind are wondering what happens now. https://t.co/uadHGL9Ssu
408,0.128,2018-03-30 01:57:00+00:00,0.0,0.923,0.077,nytimes,RT @mmcintire: Exclusive: How Trump helped tabloid mogul who buried story of alleged affair with Playboy playmate w/@jimrutenberg @katekell…
409,0.6249,2018-03-30 01:56:33+00:00,0.0,0.746,0.254,nytimes,"Trump and Pecker have long had a mutually beneficial relationship. 

Pecker's company has championed Trump by buryi… https://t.co/FOQJKEJe2j"
410,0.0,2018-03-30 01:43:16+00:00,0.0,1.0,0.0,nytimes,"It is a previously untold chapter in the long, symbiotic relationship between President Trump and tabloid publisher… https://t.co/dCJdxmtZHA"
411,0.0,2018-03-30 01:40:06+00:00,0.0,1.0,0.0,nytimes,The story of one White House dinner shows how the National Enquirer's publisher has used President Trump's friendsh… https://t.co/NpEY3BBXA2
412,0.8038,2018-03-30 01:34:18+00:00,0.0,0.548,0.452,nytimes,"RT @jimrutenberg: EXCLUSIVE: Wooing Saudi Business, Tabloid Mogul Had a Powerful Friend: Trump https://t.co/Ovn3jz6PKW"
413,0.0,2018-03-30 01:31:07+00:00,0.0,1.0,0.0,nytimes,The NBA is far more willing to address social issues than other leagues. But the Sacramento Kings' partnership with… https://t.co/udD9uRdeNV
414,0.0,2018-03-30 01:16:03+00:00,0.0,1.0,0.0,nytimes,Evening Briefing: Here's what you need to know at the end of the day https://t.co/N5NZD3QVgl
415,0.0,2018-03-30 01:01:03+00:00,0.127,0.702,0.171,nytimes,Some of the most vocal Parkland seniors — whether accepted or denied to their top college choices — are rethinking… https://t.co/W9L5DQiddm
416,0.3612,2018-03-30 00:46:01+00:00,0.0,0.898,0.102,nytimes,"Tesla once looked like the future of the car industry. But as it burns cash and hits production snags, its own futu… https://t.co/mV5tZpWRy8"
417,-0.2732,2018-03-30 00:31:04+00:00,0.219,0.607,0.174,nytimes,"The original dream of social media shouldn’t be discarded because of the failures of the current market leaders,… https://t.co/QCRR0pg3zd"
418,-0.8885,2018-03-30 00:17:24+00:00,0.429,0.571,0.0,nytimes,"RT @tiffkhsu: Racist hoodies, offensive skirts, sexist T-shirts, tone-deaf accessories: Retailers repeatedly fail to catch distasteful prod…"
419,-0.5574,2018-03-30 00:01:05+00:00,0.184,0.816,0.0,nytimes,"A martyr for Korean independence, Yu Gwan-sun died at 17 and went on to become a national hero… https://t.co/iNwPlrjCkX"
420,0.2023,2018-03-30 03:31:03+00:00,0.0,0.933,0.067,nytimes,"RT @koblin: The day after 2016 election, top ABC execs held a meeting to figure out how to program in the Trump era. 18 months later, Rosea…"
421,0.0,2018-03-30 03:16:06+00:00,0.0,1.0,0.0,nytimes,"Gym.
Tan.
Laundry.
Check on the kids. 
https://t.co/gqMNDPIhKL"
422,-0.5688,2018-03-30 03:01:05+00:00,0.221,0.779,0.0,nytimes,The U.N. secretary general called climate change “the most systemic threat to humankind” https://t.co/6qOyRo5UE4
423,-0.4215,2018-03-30 02:46:01+00:00,0.139,0.798,0.063,nytimes,The judge who is presiding at the retrial of Bill Cosby rejected defense motions to recuse himself because his wife… https://t.co/oscBX31Y9D
424,0.0772,2018-03-30 02:38:20+00:00,0.104,0.781,0.115,nytimes,"RT @katekelly: Friends of media mogul David Pecker broke bread with Trump at the White House, cementing a crucial link to the Saudi busines…"
425,0.0,2018-03-30 02:31:03+00:00,0.0,1.0,0.0,nytimes,The shake-up in the Veterans Affairs department has brought renewed focus to the debate over privatizing veterans'… https://t.co/eoyrP4aYbc
426,-0.296,2018-03-30 02:16:04+00:00,0.099,0.901,0.0,nytimes,"In Opinion,

@rgay writes: ""No amount of mental gymnastics can make what Roseanne Barr has said and done in recent… https://t.co/WIAVJ6gjo6"
427,0.4404,2018-03-30 02:01:04+00:00,0.0,0.828,0.172,nytimes,Hope Hicks has left the building. Those left behind are wondering what happens now. https://t.co/uadHGL9Ssu
428,0.128,2018-03-30 01:57:00+00:00,0.0,0.923,0.077,nytimes,RT @mmcintire: Exclusive: How Trump helped tabloid mogul who buried story of alleged affair with Playboy playmate w/@jimrutenberg @katekell…
429,0.6249,2018-03-30 01:56:33+00:00,0.0,0.746,0.254,nytimes,"Trump and Pecker have long had a mutually beneficial relationship. 

Pecker's company has championed Trump by buryi… https://t.co/FOQJKEJe2j"
430,0.0,2018-03-30 01:43:16+00:00,0.0,1.0,0.0,nytimes,"It is a previously untold chapter in the long, symbiotic relationship between President Trump and tabloid publisher… https://t.co/dCJdxmtZHA"
431,0.0,2018-03-30 01:40:06+00:00,0.0,1.0,0.0,nytimes,The story of one White House dinner shows how the National Enquirer's publisher has used President Trump's friendsh… https://t.co/NpEY3BBXA2
432,0.8038,2018-03-30 01:34:18+00:00,0.0,0.548,0.452,nytimes,"RT @jimrutenberg: EXCLUSIVE: Wooing Saudi Business, Tabloid Mogul Had a Powerful Friend: Trump https://t.co/Ovn3jz6PKW"
433,0.0,2018-03-30 01:31:07+00:00,0.0,1.0,0.0,nytimes,The NBA is far more willing to address social issues than other leagues. But the Sacramento Kings' partnership with… https://t.co/udD9uRdeNV
434,0.0,2018-03-30 01:16:03+00:00,0.0,1.0,0.0,nytimes,Evening Briefing: Here's what you need to know at the end of the day https://t.co/N5NZD3QVgl
435,0.0,2018-03-30 01:01:03+00:00,0.127,0.702,0.171,nytimes,Some of the most vocal Parkland seniors — whether accepted or denied to their top college choices — are rethinking… https://t.co/W9L5DQiddm
436,0.3612,2018-03-30 00:46:01+00:00,0.0,0.898,0.102,nytimes,"Tesla once looked like the future of the car industry. But as it burns cash and hits production snags, its own futu… https://t.co/mV5tZpWRy8"
437,-0.2732,2018-03-30 00:31:04+00:00,0.219,0.607,0.174,nytimes,"The original dream of social media shouldn’t be discarded because of the failures of the current market leaders,… https://t.co/QCRR0pg3zd"
438,-0.8885,2018-03-30 00:17:24+00:00,0.429,0.571,0.0,nytimes,"RT @tiffkhsu: Racist hoodies, offensive skirts, sexist T-shirts, tone-deaf accessories: Retailers repeatedly fail to catch distasteful prod…"
439,-0.5574,2018-03-30 00:01:05+00:00,0.184,0.816,0.0,nytimes,"A martyr for Korean independence, Yu Gwan-sun died at 17 and went on to become a national hero… https://t.co/iNwPlrjCkX"
440,-0.7506,2018-03-29 23:46:03+00:00,0.225,0.775,0.0,nytimes,"RT @nytimesworld: “Our blood is finished, our tears have dried. We will not say another word.” Activists camped at the site of a suicide bo…"
441,-0.2023,2018-03-29 23:31:05+00:00,0.118,0.802,0.08,nytimes,"President Trump criticized Amazon again, causing its stock price to decrease. Here are the facts behind his tweets. https://t.co/7s6qsoPyF2"
442,-0.2023,2018-03-29 23:17:09+00:00,0.076,0.924,0.0,nytimes,"RT @katierogers: During his “infrastructure event,” the president went full on jazz. He said he’d maybe stall the KORUS deal, pull US troop…"
443,-0.3182,2018-03-29 23:01:03+00:00,0.155,0.845,0.0,nytimes,"In Opinion, 

The editorial board writes: ""Trump gave no reason for firing Dr. Shulkin, but it’s all too believable… https://t.co/wmdLczlD0U"
444,0.0,2018-03-29 22:46:03+00:00,0.0,1.0,0.0,nytimes,Evening Briefing: Here's what you need to know at the end of the day https://t.co/RB4NEsCcTn
445,-0.4019,2018-03-29 22:29:31+00:00,0.171,0.829,0.0,nytimes,"RT @inyoungk: For Overlooked I wrote about Yu Gwan-sun, a schoolgirl who became the face of Korea’s 35-year fight for independence against…"
446,0.0,2018-03-29 22:16:05+00:00,0.0,1.0,0.0,nytimes,Derek Jeter’s first inning as chief executive of the Miami Marlins did not quite go as planned https://t.co/SyzubPTPc7
447,-0.5859,2018-03-29 22:00:20+00:00,0.174,0.826,0.0,nytimes,The assault on Atlanta’s computers is a vivid example of the perils local governments face in the internet age https://t.co/neclZLUuSy
448,0.0,2018-03-29 21:45:06+00:00,0.0,1.0,0.0,nytimes,"Justin Brown, a lawyer for Adnan Syed, said the podcast ""Serial"" had been “enormously helpful” in pursuing justice… https://t.co/6eApiKcagu"
449,-0.4215,2018-03-29 21:38:54+00:00,0.141,0.859,0.0,nytimes,"The Trump administration is preparing an effort to weaken emissions and fuel economy standards, a blow to Obama-era… https://t.co/CkcAXSQH7V"
450,-0.3182,2018-03-29 21:30:19+00:00,0.119,0.881,0.0,nytimes,"Since hitting its peak on Feb. 2, Facebook has lost an astonishing $100 billion in market capitalization https://t.co/19cZOH6SUG"
451,0.6369,2018-03-29 21:15:05+00:00,0.0,0.811,0.189,nytimes,"After decades of experience in some of the best restaurants in America, Paul Carmichael has transformed Momofuku Se… https://t.co/Wo8L0R0eSj"
452,-0.6369,2018-03-29 21:00:23+00:00,0.208,0.792,0.0,nytimes,"The traditional Cambodian hatred of the ethnic Vietnamese is ""almost pathological."" As a result, the ethnic Vietnam… https://t.co/WDozCU4PTN"
453,0.5719,2018-03-29 20:45:04+00:00,0.0,0.709,0.291,nytimes,A weekend celebrating the old and the new in Budapest https://t.co/iqZtAYevKs
454,-0.8442,2018-03-29 20:30:11+00:00,0.322,0.597,0.081,nytimes,"""How can I get over my sense of betrayal, my rage and my desire to punish this man for the disrespectful way he tre… https://t.co/dz2MjF0UMP"
455,0.4767,2018-03-29 20:15:07+00:00,0.0,0.829,0.171,nytimes,Trying to fatten up your friends in time for beach season? Time to start baking. https://t.co/vgjL9KuZrG
456,0.25,2018-03-29 20:00:13+00:00,0.0,0.913,0.087,nytimes,The British government said it would review the cases of 700 Russians who were granted visas to live in Britain lar… https://t.co/30bCmcZhXL
457,-0.802,2018-03-29 19:45:06+00:00,0.286,0.714,0.0,nytimes,Distraught family members of inmates who perished in a blaze during a jail riot in Venezuela said that they were no… https://t.co/UNg52Xjh1V
458,0.6369,2018-03-29 19:30:16+00:00,0.0,0.785,0.215,nytimes,Kathy Griffin is back. She will appear in a special episode of the Comedy Central series “The President Show” as Ke… https://t.co/kbjU2ObONo
459,0.0,2018-03-29 19:15:09+00:00,0.0,1.0,0.0,nytimes,"What kind of spy would you make? Spyscape, a new museum in New York City, will test your skills. https://t.co/X4qpe4oFE1"
460,0.0516,2018-03-29 19:07:05+00:00,0.111,0.769,0.12,nytimes,"Laura Ingraham mocked David Hogg, a survivor of the school shooting in Parkland, Fla., over his college rejections.… https://t.co/ZKjXjLGm5z"
461,0.0,2018-03-29 19:00:34+00:00,0.0,1.0,0.0,nytimes,"RT @MichaelPaulson: The stars of this Sunday's live @NBC concert of ""Jesus Christ Superstar"" -- @johnlegend, @SaraBareilles, @alicecooper &amp;…"
462,0.0,2018-03-29 18:48:52+00:00,0.0,1.0,0.0,nytimes,RT @ByMattStevens: It was a family of two mothers and six adoptees. One of the children had had a brush with viral celebrity. But now troub…
463,0.8126,2018-03-29 18:45:09+00:00,0.0,0.403,0.597,nytimes,For the sophisticated french fry lover https://t.co/AAlnvGN4sI
464,-0.6124,2018-03-29 18:37:04+00:00,0.273,0.727,0.0,nytimes,"Steve Smith broke down in tears, apologizing on live national television for sullying his country and its national… https://t.co/8uq5EvN6FR"
465,-0.296,2018-03-29 18:30:13+00:00,0.104,0.896,0.0,nytimes,"The case of the missing sport coat has it all: video evidence, reparations, multiple apologies and a Final Four coa… https://t.co/GtBj8kVDok"
466,0.0,2018-03-29 18:23:01+00:00,0.0,1.0,0.0,nytimes,"Denmark has long had one of the highest divorce rates in Europe, and the government has decided that breaking up sh… https://t.co/Gwz69TISvS"
467,0.0,2018-03-29 18:15:09+00:00,0.0,1.0,0.0,nytimes,Automakers are offering augmented reality experiences and lifelike virtual reality simulations to lure buyers https://t.co/FDiEWkjxXx
468,0.0,2018-03-29 18:05:05+00:00,0.0,1.0,0.0,nytimes,"A Maryland appeals court vacated the conviction of Adnan Syed, a subject of the hit podcast ""Serial” https://t.co/tF7Wz5XGVg"
469,-0.5106,2018-03-29 18:00:16+00:00,0.136,0.864,0.0,nytimes,A white woman became the first person in South Africa to be sent to prison for her repeated use of a racial slur https://t.co/J1MliQIcao
470,0.5106,2018-03-29 17:52:05+00:00,0.0,0.82,0.18,nytimes,There remains a strong correlation between marriage and economic class in the American higher education system https://t.co/5Uh4n8fXKn
471,0.7964,2018-03-29 17:45:03+00:00,0.0,0.633,0.367,nytimes,"""The president and America needs a wise, steady and thoughtful national security advisor,"" former Secretary of Defe… https://t.co/mJrbSIEWQ1"
472,-0.4404,2018-03-29 17:33:06+00:00,0.153,0.847,0.0,nytimes,"Breaking News: Russia will expel 150 diplomats, including 60 Americans, in retaliation for Western nations’ respons… https://t.co/Hl7o9v20dd"
473,0.0,2018-03-29 17:30:16+00:00,0.0,1.0,0.0,nytimes,"In Opinion,
Op-Ed contributor Noam Cohen writes, ""Facebook’s vast and well-designed platform offered the Trump camp… https://t.co/uRkWi0M6MY"
474,0.0,2018-03-29 17:15:07+00:00,0.0,1.0,0.0,nytimes,"Greta Kline, the youngest child of the actors Kevin Kline and Phoebe Cates, is learning to step into the spotlight… https://t.co/ofvqVo2TK3"
475,0.5267,2018-03-29 17:04:43+00:00,0.0,0.82,0.18,nytimes,"RT @migold: In 2018, I resolved to cook more for other people. Which meant baking. Which meant I needed help from @nytfood and @wirecutter.…"
476,-0.296,2018-03-29 17:00:20+00:00,0.109,0.891,0.0,nytimes,"Charlie Walk, who worked with artists including Lorde, the Weeknd and Ariana Grande, was accused of persistent hara… https://t.co/eSCYdz76Kp"
477,-0.7713,2018-03-29 16:46:47+00:00,0.271,0.729,0.0,nytimes,The shooting has reignited the kind of protests against police killings that spread over the past several years in… https://t.co/XV3YduMu0f
478,0.1531,2018-03-29 16:45:04+00:00,0.095,0.785,0.12,nytimes,“A lot of white people are truly shocked by what these videos depict; I know very few African-Americans who are sur… https://t.co/GeIH1cZwdE
479,-0.8625,2018-03-29 16:37:32+00:00,0.348,0.652,0.0,nytimes,At least 68 people died in a fire in a Venezuelan jail. The authorities fired tear gas and rubber bullets at grievi… https://t.co/0c7UVCIEkE
480,0.4404,2018-03-29 16:30:15+00:00,0.094,0.735,0.171,nytimes,How a 16-year-old girl named Yu Gwan-sun became the face of Korea’s struggle for freedom in the spring of 1919 https://t.co/dsU9QuANDN
481,-0.4404,2018-03-29 16:23:06+00:00,0.132,0.868,0.0,nytimes,Eric Holder says he'll sue the Trump administration to block it from adding a question about citizenship to the 202… https://t.co/Wlu56Y3Pwf
482,0.4019,2018-03-29 16:17:15+00:00,0.0,0.847,0.153,nytimes,"RT @_StephenCastle: “More conspicuous, more commonplace and more corrosive” - the anti-Semitism afflicting Britain's Labour Party https://t…"
483,-0.3182,2018-03-29 16:15:08+00:00,0.172,0.711,0.117,nytimes,"RT @nytimesbusiness: Outside the United States, social media is fueling real-world violence and empowering autocrats, often with much less…"
484,-0.5859,2018-03-29 16:00:28+00:00,0.223,0.714,0.063,nytimes,"According to a lawsuit filed by a criminal defense lawyer, a judge told him that he spent too much time defending i… https://t.co/IFezlRJ7pR"
485,0.0,2018-03-29 15:57:28+00:00,0.0,1.0,0.0,nytimes,"RT @nytgraphics: People often point to Beirut when they talk about design in the Middle East. “Beirut is saturated,” counter the founders o…"
486,-0.6124,2018-03-29 15:54:59+00:00,0.167,0.833,0.0,nytimes,"RT @nytimesbusiness: How a racist hoodie made its way through the design, production and marketing process without being caught, and how co…"
487,0.0,2018-03-29 15:52:04+00:00,0.0,1.0,0.0,nytimes,"At 26, the Cuban artist Belkis Ayón was invited to show at the Venice Biennale in Italy. But first, she had to get… https://t.co/e2NUHSlGOM"
488,0.3182,2018-03-29 15:45:11+00:00,0.0,0.892,0.108,nytimes,"Under Ben Carson, the HUD is attempting to scale back federal efforts to enforce fair housing laws, sidelining offi… https://t.co/x98dzX1hft"
489,-0.6486,2018-03-29 15:30:09+00:00,0.185,0.815,0.0,nytimes,"Two police officers, 10 minutes, 20 bullets. Another unarmed black man is dead, and a furor over police shootings i… https://t.co/YXsidv3siL"
490,0.0,2018-03-29 15:15:06+00:00,0.0,1.0,0.0,nytimes,"Gym.
Tan.
Laundry.
Check on the kids. 
https://t.co/YtSTBB01iy"
491,0.3612,2018-03-29 15:02:10+00:00,0.0,0.828,0.172,nytimes,In case you'd like some baseball to go with your hot dogs: https://t.co/rNN6Muqx7Q
492,0.0,2018-03-29 15:01:26+00:00,0.0,1.0,0.0,nytimes,It's #OpeningDay of ? season https://t.co/oSE1ImH7yJ
493,0.0,2018-03-29 14:45:08+00:00,0.0,1.0,0.0,nytimes,"""The business that she's in — I'm sorry,"" said Debbie Lesko, a Republican candidate for Congress, about Stormy Dani… https://t.co/TmWSzHRB74"
494,0.4854,2018-03-29 14:30:04+00:00,0.0,0.853,0.147,nytimes,"RT @nytimesarts: ""I had all the fame and the money and everything that went with it, but I started realizing what was important to me was m…"
495,0.3182,2018-03-29 14:21:06+00:00,0.097,0.705,0.198,nytimes,"To secure trade agreements quickly, the White House has taken a contentious approach to negotiations not seen in de… https://t.co/reV37SloPb"
496,0.4767,2018-03-29 14:11:06+00:00,0.115,0.639,0.246,nytimes,"Rusty Staub, a fan favorite for the New York Mets who played in the majors for more than two decades, has died at 73 https://t.co/Tcjj8dj7GK"
497,-0.296,2018-03-29 14:00:22+00:00,0.155,0.845,0.0,nytimes,All the major firings and resignations in the Trump administration — so far https://t.co/Zum0htqCdF
498,-0.296,2018-03-29 13:44:05+00:00,0.171,0.714,0.114,nytimes,"She died at 17, giving her life to the cause of Korean resistance to Japanese rule https://t.co/j259G6YI6P"
499,0.0,2018-03-29 13:31:06+00:00,0.0,1.0,0.0,nytimes,"In Opinion

Op-Ed columnist @BretStephensNYT writes: ""What happens now will be a test for the global left: If it is… https://t.co/xqbFsrMCxC"
